domain,company_commercial_name,company_legal_name,company_all_available_names
bostonzen.org,Greater Boston Zen Center,GREATER BOSTON ZEN CENTER INC.,Greater Boston Zen Center | Boston Zen | GREATER BOSTON ZEN CENTER INC.
mazautoglass.com,MAZ Auto Glass,,MAZ Auto Glass
melatee.com,Melatee,,Melatee
timent.com,Timent Technologies,,Timent Technologies | Timent
tlalocrivas.com,Tlaloc Rivas,,Tlaloc Rivas
creativebusinessassociates.com,Creative Business Associates,,Creative Business Associates
cumberland-river.com,Cumberland River,,Cumberland River
verdantporch.com,The Verdant Porch,,The Verdant Porch | Verdant Porch
workitstudio.com,Work It! Studio by WandaWoman,Forge Marketing & Management Pty.,Work It! Studio by WandaWoman | Work It! Studio | Forge Marketing & Management Pty.
coffee-homemachines.club,Coffee-Homemachines,,Coffee-Homemachines | Northecomm LLC.
mendiolagardening.com,Mendiola's Gardening,,Mendiola's Gardening | Mendiola’s gardening - Home
thestonenc.com,Thestonenc,,Thestonenc | The Stone Church | The Stone
kansaslimousin.org,Kansas Limousin Breeders Association,Kansas Limousin Breeders Association,Kansas Limousin Breeders Association | Kansas Limousin | Kansas Limousin Breeders
kkcger.com,Kkcger,,Kkcger
maddux.pro,MADDUX,,MADDUX | MADDUX Pro-Wash
ohanaconsulting.net,Ohana Management Consulting,,Ohana Management Consulting | OhanaConsulting
postmodern-strings.com,Postmodern Strings by Viol Consort,,Postmodern Strings by Viol Consort | PostModern Strings
takapartners.com,Taka Partners,,Taka Partners
techbarstore.com,Ambar Shop,,Ambar Shop
top-salon-hair-salon.business.site,Top salon Hair Salon,,Top salon Hair Salon | Top salon
dolee-rentals.com,DoLee Rentals Inc.,DoLee Rentals Inc.,DoLee Rentals Inc. | DOLEE RENTALS | DoLee Rentals Inc. DoLee Rentals
kns-construction.com,KNS Construction,,KNS Construction
timothyburger.com,Timothy Burger,,Timothy Burger
trueaudio.com,True Audio,,True Audio
venturemediaagency.com,Venture Media Agency,,Venture Media Agency
garrettwietholter.com,Garrett Wietholter,Garrett Wietholter Ins Agy Inc.,Garrett Wietholter | Garrett Wietholter - State Farm Insurance Agent | Garrett Wietholter Ins Agy Inc.
nashvilleucc.org,Nashville United Church of Christ,,Nashville United Church of Christ | NASHVILLE UCC | Nashville U.C.C. Recreational Park
outforlifeministries.com,Out For Life Ministries,,Out For Life Ministries
phack.org,Pacific Hackers Infosec,,Pacific Hackers Infosec | Pacific Hackers Infosec Conference | Pacific Hackers Meetup & Conference
potomaccanine.com,Potomac Canine,,Potomac Canine | Potomac Canine Services
azureskies.com,Azure Skies Landscaping,,Azure Skies Landscaping
couplescounselingatlanta.com,Atlanta Couples Counseling,,Atlanta Couples Counseling
philstreeppc.com,Phil's Expert,,Phil's Expert
romanthumbs.com,Romanthumbs,,Romanthumbs
topcropalliance.com,Top Crop Alliance,,Top Crop Alliance
smilesbygateway.com,Gateway Dental,,Gateway Dental
solarecon.wordpress.com,Solarecon,,Solarecon | First Solar Inc. | Solar Inc.
johnstons-clothiers.business.site,Johnston's Clothiers,,Johnston's Clothiers
ohhappydayshatchetthrowing.com,Oh Happy Days Hatchet Throwing And More,,Oh Happy Days Hatchet Throwing And More | Oh Happy Days Hatchet Throwing
plumbingbydlt.com,Plumbing by DLT,,Plumbing by DLT
completecaredevelopmentcenter.com,Complete Care Development Center LLC.,Complete Care Development Center LLC.,Complete Care Development Center LLC. | Complete Care Development Center | Complete Care Develo
kaleofamilies.org,Kaleo Family Services,,Kaleo Family Services | Kaleo Families
monahanclinics.com,Monahan Chiropractic Medical Clinics,,Monahan Chiropractic Medical Clinics | Monahan Chiropractic | Monahan Clinics | Monahan Chiropractic Medical
samantharaiderbrown.com,Samantha Brown,,Samantha Brown | Samantharaiderbrown
beagibbons.com,Andrew Gibbons,,Andrew Gibbons
getranx.com,Getranx,,Getranx
iam-boeing.com,IAM Boeing Joint Programs Central Site Office,,IAM Boeing Joint Programs Central Site Office
roux30a.com,Roux 30a,Roux 30a Enterprises LLC.,Roux 30a | Roux 30a Enterprises LLC.
1laurellane.com,1 Laurel Lane,,1 Laurel Lane
airprofork.com,AirPro Fork,,AirPro Fork
candybartending.com,Candy Bar Personal Bartending Services,,Candy Bar Personal Bartending Services
kelleyroadrace.com,Kelley Road Race,SNERRO LLC.,Kelley Road Race | SNERRO LLC.
marrs-jonesfuneralhome.com,Marrs-Jones Funeral,,Marrs-Jones Funeral | Marrs-Jones Funeral Home | Marrs-Jones | All Faiths of the Pines
motherssoontobe.com,Mothers Soon To,,Mothers Soon To
palla-siding-and-windows.business.site,Palla Siding & Windows,,Palla Siding & Windows
propertyguysnj.com,Property Guys,,Property Guys | Property Guys NJ
rcgglobaltv.com,RCG Global TV Network,,RCG Global TV Network | RCG Global TV
rlosrivera.com,XV CAPITAL LLC.,XV CAPITAL LLC.,XV CAPITAL LLC.
starcomconsulting.com,Starcom Consulting,Starcom Consulting Inc.,Starcom Consulting | Starcom | Starcom Consulting Inc.
torget.org,Torget,,Torget
cancersupportdelaware.org,Cancer Support Community Delaware,,Cancer Support Community Delaware | Cancer Support Group | Cancer Support Community
cryptohomiesclub.io,CryptoHomies Club,Homieshop Properties LLC or Non-Fungible Art Inc.,CryptoHomies Club | CRYPTO HOMIES | Homieshop Properties LLC or Non-Fungible Art Inc. | Homieshop Properties LLC.
jessicaashwellness.com,Jessica Ash Wellness,Jessica Ash Wellness LLC.,Jessica Ash Wellness | Jessica Ash Wellness LLC.
pctouchservices.com,PC Touch Services,PC Touch Services Inc.,PC Touch Services | PC Touch Services Inc. | Pc Touch Svc. Inc.
sharonkinghoge.com,Sharon King Hoge,,Sharon King Hoge
steppir.com,SteppIR Communication Systems,SteppIR Inc.,SteppIR Communication Systems | SteppIR | SteppIR Inc.
highwayonerealestate.com,Highway One Real Estate,,Highway One Real Estate
minastollery.com,Mina Stollery,,Mina Stollery
amwindowcleaning.org,A & M Window Cleaning,,A & M Window Cleaning
cincyscrubs.com,Cincy Scrubs,,Cincy Scrubs
figlass.biz,FIglass,,FIglass
horizons.church,Horizons,,Horizons | Horizons Community Church | Horizons Church | Horizons Church Lincoln NE
mygoodhorse.weebly.com,Good Horse,,Good Horse
wombatworks.org,Wombat Works,Wombat Works LLC.,Wombat Works | Wombat Works LLC.
yourhairdynasty.com,Your Hair Dynasty,Your Hair Dynasty LLC.,Your Hair Dynasty | Your Hair Dynasty LLC. | Your Hair
alpha-research-associates-research-institute.business.site,Alpha Research Associates,Alpha Research Associates Research Institute,Alpha Research Associates | Alpha Research Associates Research Institute
annarborhomesrealtor.com,Maura Rains,,Maura Rains
astepabovemb.com,A Step Above Flooring,Step Above LLC.,A Step Above Flooring | A Step Above Flooring - Home | Step Above LLC.
buchanan-edwards.online,Buchanan-edwards.online,,Buchanan-edwards.online
busiup.com,BusiUp,,BusiUp
clockinc.org,Clock Inc.,Clock Inc.,Clock Inc. | Free Clock Inc.
oceancurrent.com,Ocean Current,,Ocean Current
arnoldprint.com,Arnold Printed Communications,Arnold Printed Co.,Arnold Printed Comm | Arnold Printed | Arnold Business Forms Inc. | Arnold Printed Communications | Arnold Printed Co.
deepdivecounseling.net,Deep Dive Counseling LLC.,Deep Dive Counseling LLC.,Deep Dive Counseling LLC. | Deep Dive Counseling
forcht-law.com,Melan M Forcht Law Offices,,Melan M Forcht Law Offices | Law Office of Melan M. Forcht
graciejoplin.com,Gracie Humaitá Joplin,,Gracie Humaitá Joplin | Gracie Humaita Joplin Gracie Humaita | Gracie Joplin
itpc-usa.com,Italian Travel Promotion Council,,Italian Travel Promotion Council
scienceeducators.org,Science Educators,,Science Educators
directdrivelogistics.com,Direct Drive Logistics - Milwaukee,,Direct Drive Logistics - Milwaukee | Direct Drive Logistics
gsbphoto.com,Gordon S Bernstein Photo,,Gordon S Bernstein Photo | Bernstein Gordon S
pinehavenresort.com,Pine Haven Resort,,Pine Haven Resort
cavachonsofoklahoma.com,Cavachons of Oklahoma,,Cavachons of Oklahoma
fuecid.shop,FUECID,,FUECID | Store Group Holdings Ltd.
janellesrestaurant.com,Janelles Restaurant,,Janelles Restaurant | Janelle’s Caribbean Restaurant
peacefulwolftaichi.com,Peaceful Wolf Tai,,Peaceful Wolf Tai | Peaceful Wolf T'Ai Chi Ch'uan
uomosport.com,Uomo Sport,,Uomo Sport
warnby.com,Warnby,,Warnby
antiochassistedliving.com,The Residences Antioch,,The Residences Antioch
davidprieto.realestate,Sync Brokerage,,Sync Brokerage
gygeneralservices.business.site,G&Y GeneralWashServices Corp.,G&Y GeneralWashServices Corp.,G&Y GeneralWashServices Corp.
kickitupquilting.com,Kick It Up Quilting,,Kick It Up Quilting | Kick It Up Quilting2
koimountain.com,Koi Mountain,,Koi Mountain | Koi MountainBath-and-body
pinolevistareimagined.com,Village at Novato,,Village at Novato
seamuspuppy.com,KIND HEART,,KIND HEART
aop3d.com,AOP3D tech,AOP3D ULTIMATE PC.,AOP3D tech | AOP3D | AOP3D ULTIMATE PC.
off-trail.co,Off trail,,Off trail
proexecstaffing.com,Pro-Exec Staffing LLC.,Pro-Exec Staffing LLC.,Pro-Exec Staffing LLC. | Pro Exec Staffing
stewartgrain.com,Stewart Grain,Stewart Grain Co.,Stewart Grain | Stewart Grain Co. | Stewart Grain Co. Inc.
truyasushica.com,Truya Sushi,,Truya Sushi
yingtexun.com,Izeetak,,Izeetak
camilluscusecamp.com,'Cuse Camp,,'Cuse Camp
hyhp.org,HYHP,,HYHP | Hawai'i Young Healthcare Professionals
rrrobotictec.com,R&R ROBOTIC TECHNOLOGY,,R&R ROBOTIC TECHNOLOGY | R&R ROBOTIC TECHNOLOG | R&R Robotics
thebeautyteam.com,THE BEAUTY TEAM LLC.,THE BEAUTY TEAM LLC.,THE BEAUTY TEAM LLC. | The Beauty Team Inc. | THE BEAUTY TEAM
justgooglebenhiggins.com,Ben Higgins,,Ben Higgins
onsa.net,Oregon Neighborhood Store Association,Oregon Neighborhood Store Association,Oregon Neighborhood Store Association | ONSA
stitchncluck.com,Stitch and Cluck,,Stitch and Cluck
ascend-tech.us,Ascendant Software Technology,Ascendant Software Technology LLC.,Ascendant Software Technology | Ascendant Software | Ascendant Software Technology LLC.
buryservices.com,Bury Services,,Bury Services
cleaningsvccolumbiafalls.com,Cleaning Co.,Cleaning Co.,Cleaning Co.
fortlaudedalepsychic.com,Twin flame psychic,,Twin flame psychic
longrealty.com,Long Realty Blog,Long Realty Co.,Long Realty | Long Realty Blog | Buying a Home with Long Realty Company | Long Realty Company | Long Realty Co.
miltongeorgialiving.com,Milton GA Living,,Milton GA Living
smensclub.org,Senior Men's Club,E-mail Trustee,Senior Men's Club | Smensclub | E-mail Trustee
woodgateapts.net,Woodgate Apartments at Jordan Landing,,Woodgate Apartments at Jordan Landing | Woodgate | Woodgate Apartments
crawfordproduction.com,Crawford Production,,Crawford Production
fanbladedesigns.com,Fan Blade Designs,,Fan Blade Designs | Fan Sox
ghostmountain.org,Ghost Mountain,,Ghost Mountain
lequedagua.com,Lequedagua,Cbd Oilrank Inc.,Lequedagua | Cbd Oilrank Inc.
lisinoprilfst.com,LisinoprilFST,,LisinoprilFST
nbwatergardens.com,Nature's Beauty Water Gardens,,Nature's Beauty Water Gardens | Nbwatergardens
semillacenter.org,Semilla Center,,Semilla Center
jrmatheny.com,JRM designcreative,,JRM designcreative
madebyjosy.com,Made By Josy,,Made By Josy
philippineflowers.com,Philippineflowers,,Philippineflowers | Philippineflowers.c
stpunited.org,St Paul's United Methodist,,St Paul's United Methodist
thethriftyhijabi.com,The Thrifty Hijabi,,The Thrifty Hijabi
timemusicgroupnyc.com,Time Music Group,TIME MUSIC GROUP LLC.,Time Music Group | TIME MUSIC GROUP LLC.
2701jamesmwood.com,2701 James M wood,,2701 James M wood
behindthewhitebeard.com,Behind the White Beard,Behind The White Beard LLC.,Behind the White Beard | Behind The White Beard LLC.
calcoastjewelryappraisers.com,Cal Coast Jewelry Appraisers,Cal Coast Jewelry Appraisers Inc.,Cal Coast Jewelry Appraisers | Cal Coast Jewelry | Cal Coast Jewelry Appraisers Inc.
floraottimer.com,Flora Ottimer,Flora Ottimer LLC.,Flora Ottimer | Flora Ottimer LLC. | Flora Ottimer Children's Boutique | Pandawear Corp.
infinitiofsouthatlanta.com,INFINITI of SOUTH,,INFINITI of SOUTH | INFINITI of SOUTH ATLANTA
johnsoncreekrvresort.com,Johnson Creek RV Resort,,Johnson Creek RV Resort | Johnson Creek RV Resort & Park
liketelevision.com,LikeTelevision,LikeTelevision™ Inc.,LikeTelevision | LikeTelevision™ Inc. | LikeTelevisionTM Inc. | 1999-2012 LikeTelevision™ Inc.
talkingparents.com,Talking Parents,TalkingParents Helps Co.,Talking Parents | TalkingParents Helps Co.
allcleanhomes.com,All Clean Homes,,All Clean Homes
ericamhill.com,Erica Hill,,Erica Hill
hypnosishealthworks.com,Nancy Epstein Hypnosis HealthWorks,Joy Beland LA IT GIRL LLC.,Nancy Epstein Hypnosis HealthWorks | Hypnosis HealthWorks | Joy Beland LA IT GIRL LLC.
rewildyourgarden.com,Wild Native Gardens,,Wild Native Gardens | ReWILD Your Garden
shakeprosolutions.com,SHAKE PRO SOLUTIONS LLC.,SHAKE PRO SOLUTIONS LLC.,SHAKE PRO SOLUTIONS LLC. | Shake PRO Solutions
themarketinggroupaz.com,Themarketinggroupaz,,Themarketinggroupaz | The Marketing Group
virustarllc.com,ViruStar LLC.,ViruStar LLC.,ViruStar LLC. | VirusStar LLC.
continentalfresh.com,Continental Fresh,,Continental Fresh
marblepolishingmiami.net,Marble Polishing Miami,,Marble Polishing Miami | Marble Floor Polishing Miami
tornadobaseball.com,Tornado Baseball Tarining,,Tornado Baseball Tarining | Tornado Baseball
hdnavalue.com,Hollingshead Dearden Associates,Dearden & Associates LLC.,Hollingshead Dearden & Associates LLC. | Hollingshead Dearden Associates | Todd Hollingshead ASA. | Hollingshead Dearden | Dearden & Associates LLC.
mojoparker.com,Mojo Parker,,Mojo Parker | Mojo Parker - Home
proofpass.com,ProofPass,,ProofPass
rgaineswebdevelopment.com,RGaines Web Development,,RGaines Web Development
spynewsletter.com,Spy Newsletter,,Spy Newsletter
charliesproshop.com,Charlies Pro Shop,,Charlies Pro Shop
haqelyaqeen.com,Grocery Store Tempalate,,Grocery Store Tempalate
mutterpasshuellen.eu,Geschenke zur Schwangerschaft,,Geschenke zur Schwangerschaft
theneumannproject.com,The Neumann Project,,The Neumann Project
vibrantlifefarms.com,Vibrant Life Aquaponics,,Vibrant Life Aquaponics | Vibrant Life Farms
vipsmarthomes.com,VIP Smart Homes Inc.,VIP Smart Homes Inc.,VIP Smart Homes Inc. | VIP Smart Homes
jsdagency.com,JSD Agency,Jump Start Digital LLC.,JSD Agency | Jump Start Digital LLC.
sunnova-solar-oakland.business.site,Sunnova Solar Oakland,,Sunnova Solar Oakland
tevisdenise.com,Tevis Denise,,Tevis Denise | TEVIS DENISE Realtor
badgertoyotalift.com,Badger Toyotalift,Badger Industrial Trucks Inc.,Badger Toyotalift | Badger Industrial Trucks Inc.
bettoli.realtor,Bettoli Real Estate,Bettoli Real Estate LLC.,Bettoli Real Estate | Bettoli | Bettoli Real Estate LLC.
greggardnersbarbershop.com,Greg Gardner's Barber Shop,,Greg Gardner's Barber Shop | Gardner's Barber | Greg Gardner Barber | Gardner's Barber Shop
hautesalonjc.com,Haute Salon,,Haute Salon | Haute Salon - Home
ropescan.us,Rope Scan,,Rope Scan
saracott.com,Sara Cott MSW LCSW,,Sara Cott MSW LCSW | Sara Cott
dumpsterrentalalhambraca.com,Dumpster Rental Alhambra,,Dumpster Rental Alhambra
fynres.com,Fyn Real Estate Services,,Fyn Real Estate Services
hubbardstudios.com,Hubbard Studios,,Hubbard Studios
roushdetailingllc.com,Roush Detailing,Roush Detailing llc.,Roush Detailing | Roush Detailing llc.
salinasidingcompany.com,Salina Siding Company,Salina Siding Company,Salina Siding Company | Salina Siding
arisepca.com,Arise Presbyterian Church,,Arise Presbyterian Church
hairbykole.com,Hair by Kole,,Hair by Kole
bundlesbybassett.com,Bundles By Bassett,,Bundles By Bassett
documentsandforms.com,Documents And Forms,,Documents And Forms
lineoftecnologia.com,Line Of Tecnologia,,Line Of Tecnologia
mikesagfencerepair.com,Mikesagfencerepair,Mike's Agricultural Fence Repair LLC.,Mikesagfencerepair | Mike's Agriculture Fence Repair | Mike's Agricultural Fence Repair LLC.
sootheyoursoulmassage.com,Soothe Your Soul Massage LLC.,Soothe Your Soul Massage LLC.,Soothe Your Soul Massage LLC. | Soothe Your Soul Massage
thatpaintgirl.com,That Paint Girl,,That Paint Girl | That Paint
cgllcairheatingandcoolingservices.business.site,C&G LLC- Air Heating and Cooling Services,,C&G LLC- Air Heating and Cooling Services
clinejewelers.com,Cline Jewelers,,Cline Jewelers | Cline Jewelers in Edmonds | Cline Custom Jewelers | Cline Manufacturing Jewelers
1vandegraaff.com,1 Van de Graaff,,1 Van de Graaff | Van de Graaff
betterbuildco.com,Better Build Co.,Better Build Co.,Better Build Co.
dreamservicesoftware.com,Dream Service Software,,Dream Service Software | Dream Service
meskauskis.com,Meskauskis,,Meskauskis | Neil Meskauskis
thelocalmanjakemangan.com,The Local Man,,The Local Man | Local Man
timberwoodofnaples.org,Timberwood of Naples,,Timberwood of Naples | Timberwood
two2brew.com,Two2Brew,,Two2Brew
loydayu.com,Loyda Yu,,Loyda Yu | Loyda Yu Century 21 Award | Erika Loyda Yu
markhensonart.com,Mark Henson Art,,Mark Henson Art | Mark Henson
tangodown.com,TangoDown,TangoDown Inc.,Vickers Tactical Carry Trigger VTCT-002 Gen. | Vickers Tactical Carry Trigger VTCT-001 Gen. | TangoDown Inc. | TangoDown | Tango Down Llc
iambaldianastyles.info,IAmBaldianaStyles,,IAmBaldianaStyles
innovativeinstruction.org,Innovative Instructional Solutions,Innovative Instructional Solutions LLC.,Innovative Instructional Solutions | Innovative Instructional | Innovative Instructional Solutions LLC. | Instructional Solutions LLC.
lassomd.com,Lasso MD,,Lasso MD
nefsvt.com,Northeast Farm Services,Northeast Farm Services Inc.,Northeast Farm Service | Northeast Farm Services Inc. | NEFS | Northeast Farm Sales & Service INC. | Northeast Farm Sales & Service | Northeast Farm Services
yourvibrantnutrition.com,Vibrant Nutrition & Wellness LLC.,Vibrant Nutrition & Wellness LLC.,Vibrant Nutrition & Wellness LLC. | Vibrant Nutrition & Wellness
burst-media.com,Burst Media Weddings,,Burst Media Weddings | BURST-MEDIA
hightechautoservicesantamonica.com,High Tech Auto Service,,High Tech Auto Service | High Tech Auto Service Santa Monica
rebeccathebadass.com,Rebecca Keating - Life Coach,,Rebecca Keating - Life Coach | Rebecca Keating
tsunamipolo.org,Tsunami Water Polo,,Tsunami Water Polo | San Francisco Tsunami Water Polo
bergesenterpriseinc.com,Berges Enterprises Inc.,Berges Enterprises Inc.,Berges Enterprises Inc. | Berges Enterprise Inc.
brooklyntreecompany.com,Brooklyn Tree Company,Brooklyn Tree Company,Brooklyn Tree Company | Brooklyn Tree
citycenterwaco.com,City Center Waco,,City Center Waco
paysonhandyman.com,Better Way Homes,,Better Way Homes
skdesignbuildllc.com,S&K Design-Build,S&K Design Build LLC.,S&K Design-Build | S&K Design Build LLC.
adaini.com,A daini,,A daini | ALEXANDRA DAINI
brilliantcityreiki.com,Brilliantcityreiki,,Brilliantcityreiki | Brilliant City
genfreellc.com,GenFree LLC.,GenFree LLC.,GenFree LLC.
gentzlerelectric.com,Gentzler Electric,Gentzler Electrical Services Inc.,Gentzler Electric | Gentzler Electrical Services Inc. | Gentzler Electric LLC. | Gentzler Electrical Svc Inc
moorecapitalservices.net,Moore Capital Services,,Moore Capital Services
amendedbeauty.com,Amended Beauty,,Amended Beauty
beautifulbodybabes.com,Beautiful Body Babes,,Beautiful Body Babes
charlesmann-contracting.com,Charles Mann Contracting,,Charles Mann Contracting
growthfutures.net,Growth Futures,Lafayette Commodities Inc.,Growth Futures | Lafayette Commodities Inc.
janarose.us,Jana Rose,Jana Stewart LLC.,Jana Rose | Jana Stewart LLC.
pearlcorker.wordpress.com,The Guinea Pig Generation,,The Guinea Pig Generation
skinnerdaylilies.com,Skinner Daylilies,,Skinner Daylilies
tamalpaistaichi.com,Tamalpais T'ai Chi,,Tamalpais T'ai Chi | Tamalpais T'ai Chi Ch'uan
asahisuperdry.com,Asahi Super Dry,Asahi Europe Limited,Asahi Super Dry | Asahi Europe Limited | Asahi Group Holdings Ltd. | Super Dry
drrokh.com,Dr. Rokh,,Dr. Rokh
highwaydistribution.net,HIGHWAY DISTRIBUTION,,HIGHWAY DISTRIBUTION
kellyhohlainteriors.com,Kelly Hohla Interiors,,Kelly Hohla Interiors
lawrencedy.com,Lawrence Dy,,Lawrence Dy
sullivanswcd.org,Sullivan County Soil Water Conservation District,,Sullivan County Soil Water Conservation District | Sullivan County Soil & Water
ergoactives.com,Ergoactives,Ergoactives Llc.,Ergoactives | Ergoactives Llc.
grpinsurance.com,Global Risk Partners Insurance,Global Risk Partners LLC.,GRP Insurance | Global Risk Partners Insurance | Risk Partners LLC. | Global Risk Partners LLC. | Global Risk Partners
laydomsouth.org,Southern Dominican Laity,,Southern Dominican Laity
shoplakebuoy.com,LAKE BuOY,,LAKE BuOY
tambasamba.design,Tamba Samba,,Tamba Samba
acornlawpc.com,Acorn Law P.C.,Acorn Law P.C.,Acorn Law P.C. | Acorn Law | Acorn Law P
airelibreavenue.com,AIRE LIBRE AVENUE,,AIRE LIBRE AVENUE
erichedlund.com,Eric Hedlund,,Eric Hedlund
imperiumstrategiesllc.com,Imperium Public Strategies,Imperium Public Strategies LLC.,Imperium Public Strategies | Imperium Public Strategies LLC.
4v21.com,Amazing Online Offers,,Amazing Online Offers
intfloors.com,Interior Flooring Solutions,,Interior Flooring Solutions
norconindustries.net,Norcon Industries,Norcon Industries Inc.,Norcon Industries | Norcon Industries Inc.
tic-texas.com,Texas Inpatient Consultants,,Texas Inpatient Consultants | Texas Inpatient
trihealthbalance.com,Tri Health Balance,,Tri Health Balance
bathpeople.com,Bath People,,Bath People
bubongstore.com,Bubong Store,Covalent Softwares Pvt. Ltd.,Bubong Store | Covalent Softwares Pvt. Ltd. | Ethics Exports Pvt. Ltd.
cedarwork.org,Cedar Work,,Cedar Work | Cedar Work International
helixapartments.com,Helix Apartments,Summit Realty LLC.,Helix Apartments | Summit Realty LLC.
richardsservicecenter.com,Richards Service Center,,Richards Service Center
epertase.com,TIANJIN CONSTRUCTION TECHNOLOGY CO. LTD.,TIANJIN CONSTRUCTION TECHNOLOGY CO. LTD.,TIANJIN CONSTRUCTION TECHNOLOGY CO. LTD.
id44.com,ID44,,ID44 | Munden Medical DBA id44
laflosd.com,LAFLO,,LAFLO
lifeofbtc.org,Beyond The Court LLC.,Beyond The Court LLC.,Beyond The Court LLC. | The Beyond The Court LLC.
openairchair.com,Open Air Chair Repair,,Open Air Chair Repair | Open Air Chair
sushirawsf.com,Sushi Raw 4,,Sushi Raw 4 | Sushi Raw
verve-medical.com,Verve Medical,Verve Medical Inc.,Verve Medical | Verve | Verve Medical Inc.
jaredshavelson.com,Jared Shavelson,,Jared Shavelson
lgcountryschool.com,Long Grove Country School,,Long Grove Country School | Long Grove Country School - LGCS
wanakenapinecone.wordpress.com,Black Waters Cafe,,Black Waters Cafe
clevelandheightsapartments.com,Cleveland Heights Apartments,,Cleveland Heights Apartments | 2677 Euclid Heights Blvd | Cleveland Heights Apartments
highqualitypcs.com,Highqualitypcs,,Highqualitypcs
tylerteaches.com,Tyler teaches com,,Tyler teaches com
86fest.com,86FEST,,86FEST
elijahvest.com,Elijah Vestergaard,,Elijah Vestergaard
hannacho.com,Hanna cho,,Hanna cho
jasonheltonrealestate.com,Jason Helton,,Jason Helton | JASON HELTON REAL ESTATE
kathymetzinc.com,Realty Connect USA,,Realty Connect USA
platformtemizlik.com,Platform Temizlik,,Platform Temizlik
shmstudios.com,SHM Studios,,SHM Studios
westtubingcompany.com,West Tubing Company,West Tubing Company,West Tubing Company | West Tubing
advance-tcc.com,ADVANCE-TCC,ADVANCE-TCC LLC.,ADVANCE-TCC | ADVANCE-TCC LLC.
bluestreakgrinding.com,Blue Streak Grinding,,Blue Streak Grinding | Blue Streak | Bell Helicopter Textron Inc.
tashahmoore.com,Tasha H. Moore,Tasha H Moore LLC.,Tasha H. Moore | Tasha H Moore LLC.
thejewishheritagefoundation.com,The Jewish Heritage Foundation,The Jewish Heritage Foundation Inc.,The Jewish Heritage Foundation | The Jewish Heritage Foundation Inc.
veritassynergetic.com,Veritas Synergetic,,Veritas Synergetic
wellbaum-apiaries.business.site,Wellbaum Acres Apiaries,,Wellbaum Acres Apiaries
aroostooktechnologies.com,Aroostook Technologies,Aroostook Technologies Inc.,Aroostook Technologies | Aroostook Technologies Inc.
branchedoakmarina.com,Branched Oak Marina,,Branched Oak Marina | Branched Oak Lake Marina
brandibaileyphotos.com,Brandi Bailey Photos,,Brandi Bailey Photos
daylilyhealth.org,DAYLILY HEALTH,,DAYLILY HEALTH
woodstocklodge246.org,Woodstock Masonic Lodge 246,,Woodstock Masonic Lodge 246 | Woodstock Masonic Lodge
burkeoppenheim.com,Burke Oppenheim,,Burke Oppenheim
eringallagher.wordpress.com,Erin Gallagher Jewelry,,Erin Gallagher Jewelry
snugharborca.com,Snug Harbor,,Snug Harbor
successoilco.com,Success Oil Company,Success Oil Company,Success Oil Company | Success Oil Co.
thermalpd.com,Thermal Process Development,,Thermal Process Development | Thermal Process
emergencyinternational.org,Emergency International,,Emergency International
foxtrailerservice.com,Fox Trailer Service,Fox Trailer Service LLC.,Fox Trailer Service | Fox Trailer Service LLC. | Fox Trailer
nomadicbearproductions.com,Nomadic Bear,,Nomadic Bear | Nomadic Bear Productions
powersfamilymedicine.com,Powers Family Medicine,Powers Family Medicine pllc.,Powers Family Medicine | Powers Family Medicine pllc. | Powers Medical
themacks.wordpress.com,God Change,,God Change
timothylee.us,Timothy Lee,,Timothy Lee
nu-imagepainting.com,Nu Image Painting,,Nu Image Painting | Nu-Image
southsidedentalcare-dentalclinic.business.site,Southside Dental Care Dental Clinic,,Southside Dental Care Dental Clinic | Southside Dental Care
citadelurban.com,Citadel Urban,,Citadel Urban
coopster.org,Esk River NSW,,Esk River NSW
directjet.com,Direct Jet Charter LLC.,Direct Jet Charter LLC.,Direct Jet Charter LLC. | Direct Jet Charter | Direct Jet
sacreativedesign.com,SA Creative Design,,SA Creative Design
yjlashstudio.com,YJ EYELASH,YJ Eyelash Inc.,YJ EYELASH | YJ Eyelash Inc.
sanfranciscowinecenter.com,SF Wine Center,Indie Wine Company,SF Wine Center | San Francisco Wine Center | Indie Wine Company
sceniclandscaping.net,Scenic Landscaping,,Scenic Landscaping
techsynario.com,Tech Synario,,Tech Synario
temploebenezerweslaco.com,TEMPLO EBENEZER WESLACO,,TEMPLO EBENEZER WESLACO
cotherix.com,Cotherix,Cotherix Inc.,Cotherix | Cotherix Inc. | ctelion Pharmaceuticals US Inc.
leahyfamilydentistry.com,Leahy Family Dentistry,,"Leahy Family Dentistry | Leahy, Kenneth Dds"
ohanacrm.com,Ohana CRM,,Ohana CRM
pd2llc.com,Process Design Development,,Process Design Development
romesportshalloffame.com,Rome Sports Hall of Fame,,Rome Sports Hall of Fame | Rome Sports Hall of Fame &amp Museum
studiobsalon.net,Studio B Salon,,Studio B Salon
aristacons.com,Arista,,Arista
sbmobilenails.com,SB Mobile Nail,,SB Mobile Nail
aether-multimedia-llc.business.site,Aether Multimedia Productions LLC.,Aether Multimedia Productions LLC.,Aether Multimedia Productions LLC.
aspecialtouchflorist.net,A Special Touch Florist,,A Special Touch Florist
cowpaddyfudge.wordpress.com,Cow Paddy Irish Fudge,,Cow Paddy Irish Fudge | Cowpaddyfudge
maquez-kennelz.business.site,Marquez Kennelz,,Marquez Kennelz
tax-masters.net,Tax-Masters,,Tax-Masters
ticketsregina.com,Tickets Regina,,Tickets Regina
abujaluxuryhome.com,Abuja Luxury Homes,,Abuja Luxury Homes | Abuja Luxury Homes & Appartment | Abuja Luxury Homes & Property
belozapp.com,BEL-OZ LTD.,BEL-OZ LTD.,BEL-OZ LTD.
harmonystarkennel.com,Harmony Star Kennel,,Harmony Star Kennel
homesforsalescv.com,Laura Hannasch,,Laura Hannasch
1stamc.com,1st American Mortgage Corporation,1st American Mortgage Corporation,1st American Mortgage Corporation
abbevillecalendar.com,Abbeville Calendar,,Abbeville Calendar
apollostreams.com,Apollo Streams,Apollo Streams Inc.,Apollo Streams | Apollo Streams Inc.
fitfeetflorida.com,Fit Feet For Life,,Fit Feet For Life | Fit Feet For
kaylabeehler.com,Kayla Beehler,,Kayla Beehler | Ashcroft Inc.
parisfumc.org,Paris First United Methodist Church Inc.,Paris First United Methodist Church Inc.,Paris First United Methodist Church Inc. | Paris FUMC
jointguard.com,Joint Guard,,Joint Guard
kusbeautyusa.com,Kus beauty,,Kus beauty
logansquarelaundry.com,Logan Square Laundry,,Logan Square Laundry
mogreenway.com,Greenway Magazine,Kansas City Cannabis Co.,Greenway Magazine | Greenway Media | Kansas City Cannabis Co.
al-advertising-diet-store.com,AL Advertising Diet Store,,AL Advertising Diet Store | AL Advertising
artworkbydoyle.com,Artwork by Doyle,,Artwork by Doyle
bc-hinger.com,BC HINGER,,BC HINGER
beautyblueprintllc.com,Beauty Blueprint LLC.,Beauty Blueprint LLC.,Beauty Blueprint LLC. | Beauty Blueprint
bookkeepinglogic.com,Bookkeeping Logic,Bookkeeping Logic Inc.,Bookkeeping Logic | Bookkeeping Logic QuickBooks | Bookkeeping Logic Inc.
neomedia-dg.com,Neomedia Design Group,,Neomedia Design Group | Neomedia Design Group - Home
reveportraits.com,Reve Portraits,Reve Portraits Ltd.,Reve Portraits | Reve Portraits Ltd.
rustyskate.com,Rusty Skate,Rusty Skate - Broken Jar LLC.,Rusty Skate | Rusty Skate - Broken Jar LLC. | Broken Jar LLC.
shootmethevin.com,Shoot Me The Vin,,Shoot Me The Vin
3lechesbake.com,3 Leches Bakery Cafe,Leches Bakery & Cafe LLC.,3 Leches Bakery Cafe | 3 Leches Bakery | Leches Bakery & Cafe LLC.
baypointlabs.com,Bay Point Labs,Bay Point Laboratories Inc.,Bay Point Labs | Bay Point Laboratories Inc.
bigtransformerbushings.com,Big Transformer Bushings,,Big Transformer Bushings
feltgoodmusic.com,Feltgood Music,,Feltgood Music | Feltgood
lionsteelstructuresco.com,Lion Steel Structures,,Lion Steel Structures
royaltycleaningva.co,Fit For Royalty Cleaning LLC.,Fit For Royalty Cleaning LLC.,Fit For Royalty Cleaning LLC.
sherricornett.com,Sherri Cornett,,Sherri Cornett
childcarecompany.org,THE CHILD CARE COMPANY,THE CHILD CARE COMPANY,THE CHILD CARE COMPANY | Child Care Company
kathrynsonmoonlake.com,Kathryn's of Mississippi Inc.,Kathryn's of Mississippi Inc.,Kathryn's of Mississippi Inc.
periogel.net,Perio Gel,,Perio Gel | Perio Gel Sales
prashnercpa.com,Prashner CPA,Prashner CPA P.C.,Barbara R. Prashner | Barbara Prashner | Prashner CPA | Prashner CPA P.C. | Barbara R. Prashner CPA P.C.
whittiershuttle.com,Whittier Alaska Shuttle,,Whittier Alaska Shuttle | Whittier shuttle
aetheradvisors.com,Aether Advisors,AETHER ADVISORS LLC.,Aether Advisors | AETHER ADVISORS LLC.
ageanabrett.com,Humboldt County Real Estate Agent,,Humboldt County Real Estate Agent
crossroadsrvpk.com,Crossroads RV Park,,Crossroads RV Park
fightguard.net,Fight Guard Network,,Fight Guard Network | Fightguard
nationalcapitalfitday.com,Black Mold Busters,,Black Mold Busters
ordercrustandbuns.com,Crust & Buns,,Crust & Buns
seattlecandle.com,Seattle Candle Company,Seattle Candle Company,Seattle Candle Company
theneedlehouse.com,Needle House,,Needle House | The Needle House | Needledeeva Inc.
allstarbp.com,Allstar Simulators,,Allstar Simulators | Allstar BP
dallassurgicalgroup.com,Dallas Surgical Group,,Dallas Surgical Group
daveandtracy.org,David & Tracy,,David & Tracy
garagedoor-repair-waynenj.com,Garage Door Repair Wayne NJ,,Garage Door Repair Wayne NJ
jshs-tn.utk.edu,Tennessee Junior Science and Humanities Symposium,,Tennessee Junior Science and Humanities Symposium
jtheater.com,J.T. H EATER,,J.T. H EATER | J T Heater-Architect
randrdance.com,RR Dance STUDIO DJ Services,,RR Dance STUDIO DJ Services | R&R Dance
sbstransportllc.com,SBS Transport,SBS Transport LLC.,SBS Transport | SBS Transport LLC.
when2heartsbeatas1.org,When 2 Hearts Beat,,When 2 Hearts Beat | When 2 Hearts Beat as 1
abreakdisabilityandrespite.com,A Break Disability and Respite,A Break Disability and Respite Services PTY.,A Break Disability and Respite | A Break Disability and Respite Services PTY. | Respite Services PTY LTD. | A Break Disability and Respite Services
aestatix.com,Aestatix,AESTATIX LLC.,Aestatix | AESTATIX LLC.
cadottfamilyrestaurant.com,Cadott Family Restaurant,,Cadott Family Restaurant | Cadott Family
figureitoutagency.com,Figureitoutagency,,Figureitoutagency
galleongc.com,Galleon contracting,"Galleon Contracting, LLC","Galleon contracting | Galleon Contracting, LLC"
jadynbags.com,Jadyn Bags,,Jadyn Bags
liverpoolchurch.com,Liverpool Community Church,,Liverpool Community Church
cwenergyusa.com,C&W Energy Solutions,C&W Energy Solutions LLC.,Chips & Wafers Inc. | C&W Energy Solutions LLC. | C&W Energy USA | Wafers Inc. | C&W Energy Solutions
indiyoung.com,Indi Young,,Indi Young
newasianjuyuan.com,New Asian Ju Yuan,,New Asian Ju Yuan
simplicitymovers.com,Simplicity Movers,,Simplicity Movers
smartdivorcestrategy.com,Smart Divorce Strategy,,Smart Divorce Strategy
tandoorrestaurants.com,Tandoor Indian Grill - Millcreek,,Tandoor Indian Grill - Millcreek
tribeofdantours.com,Tribe of Dan Tours,,Tribe of Dan Tours
boyettrecovery.com,Boyett Treatment Center,,Boyett Treatment Center
erikashome.com,Erika Marsh Pitman,,Erika Marsh Pitman
hbcofrochester.org,Hillcrest Baptist Church,,Hillcrest Baptist Church
littlefeetforestschool.org,Little Feet Forest School,,Little Feet Forest School | Little Feet Forest S | Little Feet Forest
motinidesigns.com,Motini Designs,,Motini Designs
nationalcarousels158.com,National Carousels,,National Carousels
2020relining.com,20 20 Relining,,20 20 Relining | 20 20 Rooter & Relining
advancenetsupport.com,Advance Network Support,ADVANCE NETWORK SUPPORT INC,Advance Network Support | ADVANCE NETWORK SUPPORT INC
drtompastor.com,Dr. Tom Pastor,Pinnacle Chiropractic Inc.,Dr. Tom Pastor | Pinnacle Chiropractic Inc.
mottshay.com,Mott & Shay Inc.,Mott & Shay Inc.,Mott & Shay Inc. | Mott & Shay | Mott & Shay Consulting Foresters PLLC | Southern Land & Timber Consultants LLC.
patscrap.co.uk,Pats CRAP,,Pats CRAP
rethinkingwealth.org,Rethinking Wealth,The Ron Blue Institute,Rethinking Wealth | The Ron Blue Institute
centralcoastmd.com,Central Coast MD,,Central Coast MD
ellen4wcsd.com,Re-Elect Ellen Minetto,,Re-Elect Ellen Minetto | Committee to Elect Ellen Minetto
missinglnk.com,Missing Link,,Missing Link | Missing Link Motorcycle Apparel | Missing L8nk | Missing Ink
themorvarid.com,Morvarid shop,,Morvarid shop
thephotoboothunlimited.com,PhotoBooth Unlimited,PhotoBooth Unlimited LLC.,PhotoBooth Unlimited | PhotoBooth Unlimited LLC. | Thephotoboothunlimited
urtubiavielma.com,URTUBIA & VIELMA,URTUBIA & VIELMA LLC.,URTUBIA & VIELMA | URTUBIA & VIELMA LLC.
advertiserandmarketersplatform.com,Andmarketers,,Andmarketers
carvedsoulsmusic.com,Carved Souls,,Carved Souls
assemblyninja.com,Assembly ninjas,,Assembly ninjas
biodyn-lifesciences.com,BioDyn Lifesciences,BioDyn Lifesciences Inc.,BioDyn Lifesciences | BioDyn Lifesciences Inc. | Lifesciences Inc.
pastorecompany.com,Pastore Houldsworth & Co.,Pastore Houldsworth & Co.,Pastore Houldsworth & Co. | Pastore Houldsworth & Co. LLC. | Pastorecompany
sheetmetallocal399.com,Sheet Metal Workers International Association Local 399,Sheet Metal Workers Union,Sheet Metal Workers International Association Local 399 | Sheet Metal Workers Union
sweetadswebcast.com,Sweet Adelines International,,Sweet Adelines International
greenissue.eu,Greenissue,,Greenissue
kcc.org,Kcc Tibetan Buddhist Center,KAGYU CHANG CHUB CHULING CHURCH CORPORATION,Kcc Tibetan Buddhist Center | KAGYU CHANG CHUB CHULING CHURCH CORPORATION
river-valley-rv-park-tx.business.site,River Valley RV Park TX,,River Valley RV Park TX | River Valley RV Park
scentvillage.com,Scent Village,,Scent Village
virtekcompany.com,VIRTEK COMPANY,VIRTEK COMPANY,VIRTEK COMPANY | Virtek
saipanyc.com,Saipa NYC,,Saipa NYC
hiddengallerywines.com,The Hidden Gallery,,The Hidden Gallery | Hidden Gallery wines
kristyler.com,Kris Tyler WaterColor,,Kris Tyler WaterColor | Kris Tyler
perspicacitylabs.com,Perspicacity Labs,Perspicacity Labs LLC.,Perspicacity Labs | Perspicacity Labs LLC.
theuntamedcreative.co,The Untamed Creative,,The Untamed Creative | Untamed Creative
angelabrite.com,Angela Brite,Paralegal Certification Corp,Angela Brite | Paralegal Certification Corp
clovercutsandcolor.com,Clovercutsandcolor,,Clovercutsandcolor
macazancorp.com,Macazan,Macazan Corp.,Macazan | Macazan Corp.
ngchm.net,NG-CHM,,NG-CHM | NG-CHMs
projectgestalt.com,Project Gestalt Inc.,Project Gestalt Inc.,Project Gestalt Inc. | Project Gestalt
ridgelinehomeinspect.com,Ridgeline Home Inspection Services,Ridgeline Home Inspection Services LLC.,Ridgeline Home Inspection Services | Ridgeline Home Inspection | Ridgeline Home Inspection Services LLC.
serenapezzato.com,Serena Pezzato,,Serena Pezzato
theblueprintshop.com,The Blueprint Shop LLC.,The Blueprint Shop LLC.,The Blueprint Shop LLC. | The Blueprint Shop | Blueprint Shop
yourtowcompany.com,Your Tow Company,Your Tow Company,Your Tow Company
designedbycarla.com,Designedbycarla,,Designedbycarla | Designedbycarla Marketing Agency
joyfuladoptions.com,Barbara C. Jones,,Barbara C. Jones
king-alexander.com,Kirkus Reviews,,Kirkus Reviews
signaturesportsurfaces.com,Signature Sport Surfaces,,Signature Sport Surfaces
whymessa.com,Why Messa,Why Messa & Associates P.C.,Why Messa | Why Messa & Associates P.C. | ssa & Associates P.C.
deperevfw.net,De Pere VFW,,De Pere VFW | De Pere VFW Post
forrestpierce.com,Forrest Pierce Composer,,Forrest Pierce Composer | Forrest Pierce
northsidemeadows.com,Northside Meadows,,Northside Meadows
snfdata.com,SNFData,SNFdata Resources LLC.,SNFData | SNFdata Resources LLC. | SNFdata Resources Inc.
taam.org,TAAM,,TAAM
archaeology.virginia.edu,Interdisciplinary Archaeology Program,European exploration. SHA.,Interdisciplinary Archaeology Program | Archaeology | European exploration. SHA. | Archaeology SAA.
myapexhomeinspection.com,Apex Home Inspection,,Apex Home Inspection
rivertownslp.com,Rivertowns Speech an,,Rivertowns Speech an | Rivertowns Speech and Language Therapy | Rivertowns Speech and Language | RIVERTOWN SPEECH AND LANGUAGE THERAPY
scottsbluffcountyscanner.com,Scotts Bluff County Scanner,,Scotts Bluff County Scanner | Bluff County
bloggingforextrader.com,Forex Trader Blogging,,Forex Trader Blogging
green-graphixz-clothing-company.business.site,Green Graphixz Clothing Company,Green Graphixz Clothing Company,Green Graphixz Clothing Company
ogcut.com,OG Barber,,OG Barber
50ggirls.com,50 G-GIRLS,50G-Girls Inc.,50 G-GIRLS | 50G-Girls Inc.
alluredesign.org,Allure Design,,Allure Design
moving2branson.com,Table Rock Lake Home Search,,Table Rock Lake Home Search
roland4fairview.com,ROLAND FELDMAN,,ROLAND FELDMAN
beezneedz.com,Beez Needz,,Beez Needz | Beez Needz Beekeeping Supplies
callunakennels.com,Calluna Kennels,,Calluna Kennels
car.hk,Loeber,,Loeber
audinashville.com,Audi Nashville Service Center,,Audi Nashville Service Center | Audi Nashville
blackdiamondregulatory.com,Black Diamond Regulatory,Black Diamond Regulatory Consulting LLC.,Black Diamond Regulatory | Black Diamond Regulatory Consulting LLC. | Black Diamond Regulatory Consulting
drmeganseltz.com,Dr. Megan Seltz,,Dr. Megan Seltz
petexplain.com,PetExplain,,PetExplain
rainbowphillyweddingofficiants.com,Rainbow Philly Wedding Officiants,,Rainbow Philly Wedding Officiants | Rainbow Philly Wedding
sinceremobilephlebotomy.net,Sincere Touch Mobile Phlebotomy LLC.,Sincere Touch Mobile Phlebotomy LLC.,Sincere Touch Mobile Phlebotomy LLC. | Sincere Touch Mobile Phlebotomy | At Sincere Touch Mobile Phlebotomy LLC. | Touch Mobile Phlebotomy LLC.
aquamarinejewelrystudio.com,Aquamarine jewelry studio,,Aquamarine jewelry studio | Aquamarine Jewelry
christinereidphotography.com,Christine Reid Photography,,Christine Reid Photography | Christine Reid | Christine Reid Princ
dolphinsdigital.org,Dinosaurs Field day,,Dinosaurs Field day
downunderpottery.com,Down Under Pottery,,Down Under Pottery
drrudlin.com,Dr. Rudlin,,Dr. Rudlin
interstatetruck.com,Interstate Truck Equipment Inc.,Interstate Truck Equipment Inc.,Interstate Truck Equipment Inc. | Interstate Truck Equipment | Interstate Truck & Auto Svc. | Interstate Truck
oldfarmhouseprimitives.com,Old Farmhouse Primitives,,Old Farmhouse Primitives
dskidsermons.com,Dollar Store Children Sermons,,Dollar Store Children Sermons
autobodiparts.com,Auto Body Parts,,Auto Body Parts | Autobodiparts
hiddenforestdesign.com,Hidden Forest Design,,Hidden Forest Design | Hidden Forest Floral Design | Hidden Forest
jahmakingsconstruction.com,Jahmakings,,Jahmakings | JAHMAKINGS CONSTRUCTION
journey2beme.com,Paint Yourself Beautiful,,Paint Yourself Beautiful
marylandplatingservicinginc.com,Maryland Plating & Servicing Inc.,Maryland Plating & Servicing Inc.,Maryland Plating & Servicing Inc. | Maryland Plating & Servicing
salazarthomas.com,THOMAS SALAZAR llc.,THOMAS SALAZAR llc.,THOMAS SALAZAR llc. | SALAZAR LLC.
3lnotary.com,3L Notary,BeClay Media LLC.,3L Notary | BeClay Media LLC.
creativitythroughconstraints.com,Monterusso Made,,Monterusso Made
govirtualoffice.com,goVirtualOffice LLC.,goVirtualOffice LLC.,goVirtualOffice LLC. | Govirtualoffice
origingolf.com,Origin Golf,,Origin Golf
secag.org,SECAG,,SECAG | Secure Enterprise Cloud Architecture Group
theburningship.com,The Burning Ship,,The Burning Ship
gforcefoundation.com,G-Force Foundation,High School EVHS in Gypsum CO.,G-Force Foundation | High School EVHS in Gypsum CO.
limitlesscounselingservices.com,Limitless Counseling Services,,Limitless Counseling Services
lodgelivin.com,LodgeLivin,,LodgeLivin
sben.org,Southeast Benefits Education Network,,Southeast Benefits Education Network | Southeast Benefits Education | SBEN
trusted-home-inspection.business.site,Trusted Home Inspection,,Trusted Home Inspection
dotsandcubes.com,Dots & Cubes,Dots & Cubes LLC.,Dots & Cubes | Dots & Cubes LLC. | Wischman Management Inc.
foreverepoxy.com,Forever Epoxy,,Forever Epoxy
gkama.com,Gonzalez Karate Academy,,Gonzalez Karate Academy
graspinc.org,Greece Residents Assisting Stray Pets,Assisting Stray Pets Incorporated,Greece Residents Assisting Stray Pets | Assisting Stray Pets Incorporated
realtorhsu.net,Christine Hsu REALTOR®,,Christine Hsu REALTOR®
shah-impex.com,Shah Impex,,Shah Impex | Shah-Impex ShahImpex
yogawithorly.com,Yoga with Orly,,Yoga with Orly
happydaycreations.net,Happy Day Creations,Happy Day Creations LLC.,Happy Day Creations | Happy Day Creations LLC.
libanswers.shadygrove.umd.edu,LibAnswers,,LibAnswers
putitontheglass.com,Put it on the Glass,,Put it on the Glass
gougeon.com,Gougeon Brothers Inc.,Gougeon Brothers Inc.,Gougeon Brothers Inc. | Gougeon | GOUGEON BROTHERS
sonicshopper.com,SONIC SHOPPER,,SONIC SHOPPER
d30ufu6vr9yoyg.cloudfront.net,Wartburg College,,Wartburg College
darstproperties.com,Darst Properties,Darst Properties LLC.,Darst Properties | Darst Properties LLC.
teriorr.weebly.com,Teri J. Orr,,Teri J. Orr | Teri Orr
worldsframedbywords.com,Worlds Framed By Words,,Worlds Framed By Words | Worlds Framed By
auroratechservices.com,Aurora Technical Services,Aurora Technical Services LLC.,Aurora Technical Services | Aurora Technical Services LLC. | Mosquito Misting Systems Llc
godsministryfellowship.com,GODS MINISTRY,,GODS MINISTRY
homeworkninjas.com,Homework Ninjas,,Homework Ninjas
vickcarneylaw.com,Vick Carney,Vick Carney LLP.,Vick Carney | Vick Carney LLP.
azrielassetmgmt.com,Azriel Asset Management,,Azriel Asset Management
carrettausa.com,Carretta USA,Carretta USA Inc.,Carretta USA | Carretta USA Inc.
puppetheap.com,Puppet Heap,Puppet Heap LLC.,Puppet Heap | Puppet Heap LLC.
marinbaroque.org,Marin Baroque,,Marin Baroque
myacem.com,Corporate Event Management Inc.,Corporate Event Management Inc.,Corporate Event Management Inc. | Association & Corporate Event Management Services Inc. | Association & Corporate Event Management Inc. | ACEM INC.
par1cleaners.business.site,Par1 Cleaners,,Par1 Cleaners
acupuncture-oriental-massage.business.site,Acupuncture & Oriental Massage,,Acupuncture & Oriental Massage
bluemercury.com,Bluemercury,Bluemercury Inc.,Bluemercury | Bluemercury Inc.
cryptonewsupdate.com,Crypto News Update,,Crypto News Update | Cryptox
greenbikerentals.com,Green Bike Rentals,,Green Bike Rentals | Green Bike
riolentoranch.com,Rio Lento Ranch,,Rio Lento Ranch
teambuildergroup.com,Team Builder Group,Team Builder Group LLC.,Team Builder Academy | Team Builder Space Limited | Team Builder | Team Builder Group LLC. | Team Builder Group | Team Builder Space Inc.
vpropertysolutions.com,Vantage Property Solutions LLC.,Vantage Property Solutions LLC.,Vantage Property Solutions LLC. | Vantage Property Solutions
embodyacupuncture.com,Embody Acupuncture,,Embody Acupuncture
neilheffernan.net,Neil Heffernan,PI Sonalysts Inc.,Neil Heffernan | PI Sonalysts Inc.
paynespringsumc.org,Payne Springs UMC,,Payne Springs UMC | PAYNE SPRINGS UNITED METHODIST CHURCH
castoreclothing.com,Castoreclothing,,Castoreclothing
palaciopet.com,Palacio Pet,,Palacio Pet
wilkins-grocery.edan.io,Wilkins Grocery,,Wilkins Grocery
artandglamstudio.com,Art Glam Studio,Art & Glam Studio LLC.,Art Glam Studio | Art & Glam Studio LLC. | Glam Studio LLC.
fayreconsulting.com,Fayreconsulting,,Fayreconsulting
it10103.wordpress.com,It10103,,It10103
overlakecollie.com,Overlake Collie Club,,Overlake Collie Club | COLLIE CLUB OF WASHINGTON | Overlake Collie
hollytreeservice.net,Holly Tree Service. Inc.,Holly Tree Service. Inc.,Holly Tree Service. Inc. | Holly Tree Service
lalupitaberwyn.net,La Lupita,,La Lupita
paradiseatlasttravel.com,Brandi Cutrell,,Brandi Cutrell
pcinapa.com,PCI Napa,,PCI Napa | Parts Center Inc.
sanchez-lawn-care-and-landscaping-services.business.site,Sanchez Lawn Care and Landscaping Services,,Sanchez Lawn Care and Landscaping Services | Sanchez Lawn Care & Landscaping Services - Home | Sanchez lawn care
carissahannumtherapy.com,Carissa.hannum.therapy,,Carissa.hannum.therapy
hometheatersystemgainesville.com,Swamp Rentals,,Swamp Rentals
mctierart.com,McTier Art,,McTier Art
myfriendsandme.net,My Friends and Me,,My Friends and Me | My Friends
pestcontrolmodestoca.org,Superior Pest Control of Modesto,,Superior Pest Control of Modesto
horizon-international.com,Horizon International,Horizon International Tech Inc.,Horizon International | Horizon International Development | Horizon International Tech Inc.
imcl-conference.org,IMCL conference,,IMCL conference
knickonwood.com,kNickonwood,,kNickonwood
lukesmma.com,Lukes Mixed Martial Arts,,Lukes Mixed Martial Arts
accubuiltnw.com,Accu Built Northwest Llc.,Accu Built Northwest Llc.,Accu Built Northwest Llc.
carriecrespo.com,Carrie Crespo,,Carrie Crespo
celebaesthetics.com,Celeb Aesthetics,,Celeb Aesthetics | Celeb Aesthetics & Wellness
dorsettchapel.org,Dorsett Chapel,,Dorsett Chapel | Dorsett Chapel UCC
hudsonlux365.com,Hudson Lux,,Hudson Lux
velabrand.com,VELA brand,,VELA brand | Velabrandco
awbrueggemann.com,A W Brueggemann Co.,A W Brueggemann Co.,A W Brueggemann Co. | A.W. Brueggemann | A.W. Brueggemann Company Inc.
rhcapco.com,R-H Capital Partners,,R-H Capital Partners | RH Capital
bintiboutique.llc,Binti Boutique,,Binti Boutique
elegantdjservices.com,Elegant Dj Services,,Elegant Dj Services
fccherrick.org,First Christian Church Of Herrick,,First Christian Church Of Herrick
shiftflg.com,Shift Kitchen & Bar,,Shift Kitchen & Bar | Shift FLG
coastaldefense.business.site,Coastal Defense LLC.,Coastal Defense LLC.,Coastal Defense LLC. | Coastal Defense
itlogo.net,Itlogo,,Itlogo
southernuc.com,Southern Urgent Care,,Southern Urgent Care | Soutehrn Urgent Care | Healthagen LLC.
prlassociates.net,PRL Associates,,PRL Associates
sewardlostlakelodge.com,Seward Lost Lake Lodge,,Seward Lost Lake Lodge | Lost Lake Lodge
cahabacreative.com,Cahaba Creative Web Solutions,Cahaba Creative Web Solutions & Graphic Designs LLC.,Cahaba Creative Web Solutions | Cahaba Creative | Cahaba Creative Web Solutions & Graphic Designs LLC.
eattacorepublic.com,Taco Republic Kansas City,,Taco Republic Kansas City | Taco Republic | Taco Republic Westwood | Taco Republic Truck
ehardts.com,Ehardt's Pharmacy,EHARDT'S PHARMACY INC.,Ehardt's Pharmacy | Ehardt's Pharmacy & Medical Supply | Ehardt's | EHARDT'S PHARMACY INC.
secondnaturedesignsmv.com,Second Nature Designs,,Second Nature Designs
skgfitness.training,SKG Fitness LLC.,SKG Fitness LLC.,SKG Fitness LLC. | SKG Fitness
crazy.builders,Crazy Builders,,Crazy Builders | Crazy
laurafoxreel.com,LAURA FOX,,LAURA FOX
littleredfarmhousegifts.net,Little Red Farmhouse Gifts,,Little Red Farmhouse Gifts
msconfinance.com,Ms. Confinance,,Ms. Confinance
reflexdelivery.com,Reflex Delivery,,Reflex Delivery
rollupdoorrepairnyc.com,Roll Up Door Repair,,Roll Up Door Repair | Same Day Roll Up Door Repair
yoursbasource.com,Your SBA Source,,Your SBA Source
acifund.com,Acifund,Alta Development I LLC.,Acifund | Alta Development I LLC. | Alta XI LLC.
capricommercialcapital.com,Capri Commercial Capital,,Capri Commercial Capital | Capri Commercial Cap
cherrycreektributaries.com,Cherry Creek Tributaries,,Cherry Creek Tributaries
amplifiedconcepts.com,Amplified Concepts,,Amplified Concepts
marriagecounselingmemphis.com,Marriage Counseling Memphis,,Marriage Counseling Memphis
silverbaytech.com,Silver Bay Software LLC.,Silver Bay Software LLC.,Silver Bay Software LLC. | Silver Bay Technologies
borderwarswrestling.com,Border Wars Wrestling,,Border Wars Wrestling | Border Wars
brentwood365.com,Brentwood365,,Brentwood365
bubsnola.com,Bub's NOLA,,Bub's NOLA
deliverance-ministry-new-york.com,Deliverance Ministry New York,,Deliverance Ministry New York | Deliverance Ministry
glovemitten.com,Men's Mittens,,Men's Mittens | Mittens
loudandclaire.com,Loud and Claire,,Loud and Claire | Loud and Claire Voiceover | Vida Health Inc.
myfocuspsych.com,My Focus Psychology,GoodWays Consulting Group LLC.,My Focus Psychology | GoodWays Consulting Group LLC.
xpressbenefits.net,Xpress Benefits,,Xpress Benefits
crestonhousefl.com,Creston House,,Creston House | Creston House Rental Office
dreamlab.design,DreamLab,DreamLab LLC.,DreamLab | DreamLab LLC. | DreamLab Creative Ideas
karrgroupco.com,Karrgroupco,Platinum Energy USA LLC.,Karrgroupco | Karr Group | Platinum Energy USA LLC.
paigeleblanc.com,PAIGE LEBLANC,,PAIGE LEBLANC
quick9.io,Quick 9,,Quick 9
tefftfoundation.com,Tefft Foundation,,Tefft Foundation
winningham-iron-metal.business.site,Winningham Iron & Metal,,Winningham Iron & Metal
budgetmobilehometransport.com,Budget Mobile Home Removal & Transport,,Budget Mobile Home Removal & Transport | Mobile Home Movers | Budget Mobile Home Transport
fineartsbiz.com,FineArtsBiz,,FineArtsBiz | Fine Mata Ortiz Ceramics
sammycarlosdelicatessencatering.net,Sammy Carlo's Delicatessen & Catering,,Sammy Carlo's Delicatessen & Catering
eventsbyabel.com,Events By Abel,,Events By Abel
aproa.org,APROA,,APROA
ftworthepoxyflooring.com,Fort Worth Epoxy Flooring,,Fort Worth Epoxy Flooring
gsiprint.com,Graphic Services Inc.,Graphic Services Inc.,Graphic Services Inc. | Graphic Services
hellorichmond.net,HelloRichmond,,HelloRichmond
highbrow-beauty.com,Permanent Makeup Skin by Tasia,,Permanent Makeup Skin by Tasia
kikimo.com,Kikimo Incorporated.,Kikimo Incorporated.,Kikimo Incorporated. | Kikimo Inc.
krambu.com,KRAMBU,KRAMBU Inc.,KRAMBU | KRAMBU Inc.
mhkeratin.com,Mai Hair Keratin,,Mai Hair Keratin | MAI HAIR
muhlbauerlab.com,Muhlbauer Dermatopathology,,Muhlbauer Dermatopathology | Muhlbauer Dermatopathology Lab
positivesideofgolf.com,Positive Side of Golf,,Positive Side of Golf
carolynlewismed.com,Carolyn Lewis M,,Carolyn Lewis M | Carolyn
dionisioducusin.com,Dionisio Ducusin,,Dionisio Ducusin
forsythvet.com,Forsyth Veterinary Hospital,,Forsyth Veterinary Hospital | Forsyth Veterinary
hitsforhomeless.com,Hits for Homeless,,Hits for Homeless
innsofcourt.org,American Inns of Court Foundation,,American Inns of Court Foundation | American Inns of Court
oldtraditiontattoo.com,OLD TRADITION TATTOO,,OLD TRADITION TATTOO | Old Tradition Tattoo - Home
phalanxgrpservices.org,Phalanx Family Services,,Phalanx Family Services | Phalanxfamilyservice
wadeloans.com,Wade Smith Clarity Mortgage,,Wade Smith Clarity Mortgage
dbdtravel.net,Destinations by Design LLC.,Destinations by Design LLC.,Destinations by Design LLC. | Destinations by Design
easystreetcookies.com,Easy Street Cookies,,Easy Street Cookies
millarandsons.net,Millar and Sons Inc.,Millar and Sons Inc.,Millar and Sons Inc. | Millar and Sons
parklandhairclinic.info,Parkland Hair Clinic,,Parkland Hair Clinic
slrslingshotrentals.com,Slrslingshotrentals,,Slrslingshotrentals | SLR Slingshot rental
atlanticsltd.com,Atlanticsltd,,Atlanticsltd
gooddogsfarm.com,Good Dogs Farm,,Good Dogs Farm
singinglessonstemecula.com,Vivien Gaines Vocal Studio,,Vivien Gaines Vocal Studio | Vivien Gaines
ssmobile.store,SS Mobile,,SS Mobile
atlantanephrologyassociates.com,Atlanta Nephrology,,Atlanta Nephrology | Atlanta Nephrology Associates
brushsolutions.net,Brush Solutions Inc.,Brush Solutions Inc.,Brush Solutions Inc. | Brush Solutions
change-points.com,Change Points,ChangePoints LLC.,Change Points | ChangePoints LLC.
fkideas.com,F.K Ideas,,F.K Ideas | M&B Footwear Pvt. Ltd.
fortcollinsshowerdoor.com,Fort Collins Shower Door,,Fort Collins Shower Door
pinilishalpern.com,PinilisHalpern,PinilisHalpern LLP.,PinilisHalpern | PinilisHalpern LLP. | Blair Road Realty Holdings LLC.
truelifetx.org,TrueLifeTX,,TrueLifeTX
17thstreetthaisushifl.com,17th Street Thai Sushi,,17th Street Thai Sushi | 17th St Thai sushi 17th Street Thai sushi
colonsource.com,Colon Source,,Colon Source
libertybaptist.org,Liberty Baptist Church,,Liberty Baptist Church | Liberty Baptist
sunnirey.shop,Sunnirey,Chengdu Fengbin Manganese Zhen Electronic Commerce Co. Ltd.,Sunnirey | Chengdu Fengbin Manganese Zhen Electronic Commerce Co. Ltd.
cloudspeed24x7.com,CLOUDSPEED24X7,,CLOUDSPEED24X7
gambittechconsulting.com,Gambit TC,,Gambit TC | GAMBIT TECHNOLOGY CONSULTING
heather-brooks-painted-furniture.ueniweb.com,Heather Brooks Painted Furniture,,Heather Brooks Painted Furniture | Heather Brooks Painted
ilikeflatroofs.com,I Like Roofing,,I Like Roofing
juniorchefsofamerica.org,Junior Chefs Of America,,Junior Chefs Of America
kccashbuyer.com,KC Cash Buyer,,KC Cash Buyer
the-chimneymasters.com,THE CHIMNEY MASTERS,,THE CHIMNEY MASTERS | The Chimney Masters - Cypress
willowglenhomeandgarden.com,Willow Glen Home & Garden,The Green Home And Garden Co.,Willow Glen Home & Garden | The Green Home And Garden Co.
writingonboard.com,Writing on Board,,Writing on Board
jettbt.com,JETT Business Technology,,JETT Business Technology | UniSys Corporation
medicalcoatings.org,Medical coatings,,Medical coatings
rightstudents.org,RightStudent,,RightStudent | RightStudent's
sofloweb.com,SoFloWeb,,SoFloWeb
topbricole.site,Topbricole,,Topbricole
bhmedicalsupplies.com,BH Medical Supplies,,BH Medical Supplies
carolynsnails.com,Color Street Carolyns Classy Nails,,Color Street Carolyns Classy Nails
citycanyons.com,City Canyons,City Canyons LLC.,City Canyons | City Canyons Productions | City Canyons LLC.
blazingstargrange.org,Blazing Star Grange,,Blazing Star Grange | Blazing Star Grange #71
cityofmountlaketerrace.com,Mountlake,,Mountlake
globalonefinancialsolutions.com,Global One Financial Solutions,,Global One Financial Solutions
handymanexpressservice.net,Handyman Express Service,Handyman Express Service LLC.,Handyman Express Service | Handyman Express Service LLC. | Handyman Express
kufflet.com,Kufflet,Kuffstuff LLC.,Kufflet | Kuffstuff LLC.
msjudithsewins.com,Fabulous Hair and Weave Salon,,Fabulous Hair and Weave Salon
actioncomedyfilms.com,Action Comedy Films616,,Action Comedy Films616 | Action Comedy Films
balancedwellnessami.com,Balanced Wellness,,Balanced Wellness
drcharlieharper.com,Dr. Charlie Harper,,"Dr. Charlie Harper | Dr. Charlie Harper, D.C."
myparee.com,Coach AWE LLC.,Coach AWE LLC.,Coach AWE LLC. | Coach Awe
toothfairycleaningservice.com,Tooth Fairy Cleaning Service,,Tooth Fairy Cleaning Service | Tooth Fairy Cleaning
amfaviation.com,AMF Aviation,AMF Aviation LLC.,AMF Aviation | AMF Aviation LLC.
cenladerm.com,Cenla Dermatology,,Cenla Dermatology | CenLaDerm
central-texas-mobile-notary-notary-public.business.site,Central Texas Mobile Notary,,Central Texas Mobile Notary | Central Texas Mobile Notary Notary Public
cryptobroaden.com,Crypto Broaden,Stock Marathon Petroleum Corporation,Crypto Broaden | Stock Marathon Petroleum Corporation
european-deli.com,European Deli & Bakery,,European Deli & Bakery | European Deli
redrhinomovers.com,Red Rhino Movers,,Red Rhino Movers
the-greenwich.com,The Greenwich,,The Greenwich
thefeldenkraiscenter.com,The Feldenkrais Center,,The Feldenkrais Center | The Feldenkrais Center of San Diego
asuzus.com,Asuzus,,Asuzus
coltonfamilydental.com,Colton Family Dental,DEVANG PATEL DDS INC.,Colton Family Dental | Colton family dental Patel Devang DDS | DEVANG PATEL DDS INC.
esihealthcaresolutions.com,ESI Healthcare Business Solutions,ESI Healthcare Business Solutions LLC.,ESI Healthcare Business Solutions | ESI Healthcare Business Solutions LLC. | ESI Healthcare Solutions LLC. | ESI Healthcare Solutions
jonfoxmusic.com,Jon Fox Music,,Jon Fox Music
campaigntostopgunviolence.org,Campaign to Stop Gun Violence,,Campaign to Stop Gun Violence
clarionstl.com,Clarion Marketing,,Clarion Marketing
earthrenovation.net,Earth Renovation & Design,,Earth Renovation & Design | Earth Renovation &amp Design | Earth Renovation
globaltrustbnk.com,Global Trust Bank,,Global Trust Bank
morenohillssda.org,Moreno Hills SDA,,Moreno Hills SDA | Moreno Hills SDA Church | Moreno Hills Seventh-Day
romanolawpllc.com,Romano Law,Romano Law PLLC,Romano Law | Romano Law PLLC
beaconhillrealtygroup.com,Beacon Hill Realty Group,,Beacon Hill Realty Group | Beacon Hill Realty
bodegaunclick.com,Bodega Un Click,,Bodega Un Click | Bodegaunclickadmin
designsbydjflorist.com,Designs by DJ,,Designs by DJ | Designs By
hunterdecuir24.com,Hunter Decuir Clover High School,,Hunter Decuir Clover High School
mytomisushi.com,Tomi Sushi,,Tomi Sushi
therealbcmg.com,BLUE COLLAR MUSIC GROUP,,BLUE COLLAR MUSIC GROUP
tvwelove.com,TvWeLove,,TvWeLove
earthagent.org,Earth Agent,,Earth Agent
epocheducation.com,Epoch Education,EPOCH EDUCATION INC.,Epoch Education | EPOCH EDUCATION INC.
familyintimacy.com,Family Intimacy,Family Intimacy PLLC,Family Intimacy | Family Intimacy PLLC | Home for Family Intimacy PLLC
mompopshop.com,Mom and Pop Shop Popsicles,,Mom and Pop Shop Popsicles | Mom Pop Shop
alibaba-kebab.com,Alibaba Kebab,,Alibaba Kebab
villavieira.com,Villa Vieira,,Villa Vieira
blueridgechair.com,Blue Ridge Chair,Blue Ridge Chair - Limited,Blue Ridge Chair | Blue Ridge Chair Works | Blue Ridge Chair - Limited
dewingscenter.org,Dewings Center,,Dewings Center | The Dewings Center
htiyos.com,Htiyos,,Htiyos
keepsakeweddingphotography.com,Keepsake Wedding Photography,,Keepsake Wedding Photography
maryfrancespencer.com,Mary Frances Spencer,,Mary Frances Spencer
mjwm225.com,Matthew Johnson CFP,,Matthew Johnson CFP
quality-trucking.com,Quality Trucking Inc.,Quality Trucking Inc.,Quality Trucking Inc. | Quality Trucking
truefablespottery.com,True Fables Pottery,,True Fables Pottery
unitedcloudtechnologies.com,United Cloud Technologies,,United Cloud Technologies
bettygb.com,Bettendorf Youth Girls Basketball,,Bettendorf Youth Girls Basketball
jbdecker.com,JB Decker,,JB Decker
royaltylandscapinganddesign.com,Royalty Landscaping & Design,Royalty Landscaping & Design Inc.,Royalty Landscaping & Design | Royalty Landscaping & Design Inc.
torres-hvac.business.site,Torres HVAC,,Torres HVAC
gametableadventures.com,Game Table Adventures,GAME TABLE ADVENTURES LLC.,Game Table Adventures | GAME TABLE ADVENTURES LLC.
gov.aiogoconsultingllc.com,All-in-One Global Consulting,All-in-One Global Consulting LLC.,WHY PARTNER WITH ALL-IN-ONE GLOBAL CONSULTING LLC. | WHY WORK WITH ALL-IN-ONE GLOBAL CONSULTING LLC. | ll-in-One Global Consulting LLC. | All-in-One Global Consulting LLC. | All-in-One Global Consulting | Global Consulting LLC.
outervisionsdesign.com,Outer Visions Landscape Design,,Outer Visions Landscape Design
strivelacrosseacademy.com,Strive Lacrosse Academy,,Strive Lacrosse Academy
analogique.com,ANALOGIQUE SERVICES LABS,Analogique Service Labs Inc.,ANALOGIQUE SERVICES LABS | Analogique | Analogique Service Labs Inc.
carpetworkshopofohio.com,Carpet Workshop of Ohio,,Carpet Workshop of Ohio | The Carpet Workshop of Ohio
maiaschmidt.com,Maia Schmidt,,Maia Schmidt
theconservancyproject.org,The Conservancy Project,,The Conservancy Project
bellocasa.com,Bello Casa,Bello Casa LLC.,Bello Casa | Bello Casa LLC.
castor-group.com,Castor Group LLC.,Castor Group LLC.,Castor Group LLC. | Castor Group
down-southmoving.business.site,Down South Moving,,Down South Moving
reeleminbaitandtackle.com,Reel 'Em In Bait & Tackle,,Reel 'Em In Bait & Tackle
thedoorse.com,The Door Southeast San Antonio,,The Door Southeast San Antonio
abcbni.com,Active Business Connections BNI,,Active Business Connections BNI | Active Business Connections
annatietzhomes.com,Anna Tietz,,Anna Tietz
chevrv.com,ChevRV,Chevi Enterprises LLC.,ChevRV | Chevi Enterprises LLC.
cousineauforestproducts.com,Cousineau Forest Products,Cousineau Company,Cousineau Forest Products | Cousineau Company
goldenscrollsoloists.com,Golden Scroll Soloists,Siman Tov Mazel Tov.,Siman Tov. | Siman Tov Mazel Tov. | Simon Tov Chosen Kalle Mazel Tov. | Golden Scroll Soloists | Simon Tov.
greenershinglessanantonio.com,Greener Shingles,,Greener Shingles | Roof Rejuvenation San Antonio | Greener Shingles Roof Rejuvenation
hillartistry.com,Hill Artistry,,Hill Artistry | Hill Artistry 360.926.8426
kcsweep.com,Fluesbrothers Chimney Service,Fluebrothers Llc,Fluesbrothers Chimney Service | Fluesbrothers Chimney of Overland Park | Fluesbrothers Chimney | Fluebrothers Llc
magarc.org,MagARC,,MagARC
mazalai.com,Mazalai,Mazalai Corp,Mazalai | Mazalai Corp
michaelskuceradentistry.com,Jill Michaels Dds,,Jill Michaels Dds
pastashopfresh.com,Pasta Shop Wholesale,,Pasta Shop Wholesale | The Pasta Shop
rvcoc.org,River Vallet Community Outreach Center,,River Vallet Community Outreach Center | River Valley Community Outreach Center
statelinekids.com,Stateline Kids,,Stateline Kids
caninereproductivecenter.com,Canine Reproduction Center,,Canine Reproduction Center
kokuanutrition.com,KOKUA Lifestyle and Nutrition,,KOKUA Lifestyle and Nutrition | KOKUA Lifestyle and Nutrition Dietitian Services
defioptions.org,DeFi Options,,DeFi Options
mrsbecerra.com,Mrs. Becerra,,Mrs. Becerra | Mrs. Becerra's Class
royalinvestmentgroupinc.com,ROYAL INVESTMENT GROUP INC.,ROYAL INVESTMENT GROUP INC.,ROYAL INVESTMENT GROUP INC.
tangles-salon.com,Tangles-salon,,Tangles-salon
teitelbaumco.com,Michael J. Teitelbaum Co.,Michael J. Teitelbaum Co.,Michael J. Teitelbaum Co. | Teitelbaum Co. | Teitelbaum Michael J | Teitelbaum Co. L.P.
vividsalonmadison.com,Vivid Inc.,Vivid Inc.,Vivid Inc. | Vivid salon
crazypokemiami.com,Crazy Poke Wynwood,,Crazy Poke Wynwood | Crazy Poke | Crazy Poke Miami
executivecarservicelax.com,Executive Car Service LAX,,Executive Car Service LAX | Executive Car Service
ubercigar.com.au,Ubercigar Express,,Ubercigar Express | Ubercigar | Ubercigar Delivery
vitalaehealingarts.com,Vitalae Healing Arts,,Vitalae Healing Arts | Vitalae Healing
ambazoniafoundation.org,Ambazonia Foundation,Ambazonia Foundation Inc.,Ambazonia Foundation | Ambazonia Foundation Inc.
cepstone-llc.com,CEPStone LLC.,CEPStone LLC.,CEPStone LLC.
djs-general-service-llc.business.site,Dj's General service llc.,Dj's General service llc.,Dj's General service llc. | Dj's General service
graphicmontzter.com,Graphic Montzter,,Graphic Montzter
logicworks.cc,Logicworks,LogicWorks Inc.,Logicworks | LogicWorks Inc.
nsea.org,NE State Education NSEA,,NE State Education NSEA | NSEA | Nsea Voice
rjssigns.com,RJ's Signs,RJ's Signs & Designs LLC.,RJ's Signs | RJ's Signs & Designs LLC.
wheelrepairphoenix.com,Wheel Repair Phoenix,,Wheel Repair Phoenix
lorettola.org,Lady of Loretto Parish,,Lady of Loretto Parish | Lady of Loretto Church | Lady of Loretto | Loretto LA
pdassociation.org,Private Directors Association,Private Directors Association,Private Directors Association
spots.edu,S.P.O.T.S.,,S.P.O.T.S.
centurywebdesign.net,Century Web Design,,Century Web Design
holehunterindustries.com,HoleHunter Industries,Hole Hunter Industries LLC.,HoleHunter Industries | Hole Hunter Industries eStore | Hole Hunter Industries LLC.
transtekautosales.com,Trans Tek Auto Sales,Transtek Transmission Corp,Trans Tek Auto Sales | Trans-Tek | Trans-Tek Transmission | Trans-Tek Auto Professionals | Transtek Transmission Corp
avdtechnologies.com,AVD Technologies,,AVD Technologies | AVD
cifsds.org,CIF San Diego Section,,CIF San Diego Section
meroscience.org,MENLO-ATHERTON ECOLOGY RESEARCH OUTDOORS,,MENLO-ATHERTON ECOLOGY RESEARCH OUTDOORS | MENLO-ATHERTON ECOLOGY
runlikeclockwork.com,Run Like Clockwork,Run Like Clockwork LLC.,Run Like Clockwork | Run Like Clockwork LLC.
themasker.com,The Masker,The SID Masker Inc.,The Masker | Masker | The SID Masker Inc. | SID Masker Inc.
ercc.biz,Elkins Rehabilitation & Care Center,,Elkins Rehabilitation & Care Center | ERCC
floridaloansigning.com,Florida Loan Signing,FLORIDA LOAN SIGNING LLC.,Florida Loan Signing | FLORIDA LOAN SIGNING LLC.
kathrynanndesigns.com,Kathryn Ann Designs,SpitFire Petite Inc.,Kathryn Ann Designs | SpitFire Petite Inc.
lynnavo.com,LYNNA VO,,LYNNA VO
mejina.net,Hishiyakuwaku,,Hishiyakuwaku
rollmanconyers.com,ROLLMAN & CONYERS LLC.,ROLLMAN & CONYERS LLC.,ROLLMAN & CONYERS LLC. | ROLLMAN & CONYERS | ROLLMAN CONYERS L | ROLLMAN &amp CONYERS LLC.
csquarednetworks.com,C Squared Networks,,C Squared Networks
gallerycollage.com,Gallery Collage,,Gallery Collage
harvardpsc.com,Palestine Solidarity Committee,,Palestine Solidarity Committee | Harvard College Palestine Solidarity Committee | Harvard psc
osalra.com,OSALRA,,OSALRA
qualifiedportablegarages.com,Qualified Portable Garages,,Qualified Portable Garages
enigomusic.com,Enigo,,Enigo
harlongroup.com,Harlon Group,,Harlon Group
marketing-page-lindsey.vercel.app,LifeGPA LLC.,LifeGPA LLC.,LifeGPA LLC. | LifeGPA
reelsafarischarters.com,REEL SAFARI'S CHARTERS LLC.,REEL SAFARI'S CHARTERS LLC.,REEL SAFARI'S CHARTERS LLC. | Reelsafarischarters
rpuma.org,River Park Utilities,River Park Utilities Management Association,River Park Utilities | River Park Utilities Management Association
theceosalon.com,The CEO Salon,,The CEO Salon | CEO Salon | The CEO Salon Bakersfield
whitwell-accounting-llc.business.site,Whitwell Accounting LLC.,Whitwell Accounting LLC.,Whitwell Accounting LLC.
bellevueisd.org,Bellevue Independent School District,,Bellevue Independent School District | Bellevue ISD | Bellevue High School
denhamsflorist.com,Denham's Florist,,Denham's Florist
groundswellglobalresearch.org,Groundswell Global Research,Groundswell Global Research Inc.,Groundswell Global Research | Groundswell Global Research Inc.
h-glogistics.com,H&G Logistics,,H&G Logistics
mtcdz.net,MTC ECOLE,,MTC ECOLE
mtzionbaptistrentz.com,Mt Zion Baptist Church,,Mt Zion Baptist Church
myzerly.com,Designer Notable ZURB Inc.,Designer Notable ZURB Inc.,Designer Notable ZURB Inc.
yroox.com,Yroox,,Yroox
evadoyle.com,Eva Doyle MBA,,Eva Doyle MBA | Eva Doyle
liveatmontclairapt.com,The Michaels Organization,,The Michaels Organization
montereypeninsulaelderlyhome.com,Monterey Peninsula Board Care,,Monterey Peninsula Board Care | Montery Peninsula
ogawadesign.com,Ogawa Design Agency,,Ogawa Design Agency | Ogawa Design | Ogawa Designs
allyourblogging.com,APENFT,,APENFT
drariatirakic.com,Ariati,,"Ariati | Rakic, Ariati S Phd | Dr. Ariati Rakic"
harperfinancialassociates.com,Harper Financial Associates LLC.,Harper Financial Associates LLC.,Harper Financial Associates LLC. | Harper Financial Associates
lonepeakdoodles.com,Lone Peak Doodles,,Lone Peak Doodles
schoi.mit.edu,Soonwon Choi,,Soonwon Choi
coralgablesrealestatefl.com,Subdivision 344 Mendoza LLC.,Subdivision 344 Mendoza LLC.,Subdivision 344 Mendoza LLC.
studentvetinsurance.com,James Teague,,James Teague
totalseal.com,Total Seal Piston Rings,Total Seal Inc.,Total Seal Piston Rings | Total Seal | Total Seal Inc.
vghgroup.org,VGH Group,,VGH Group
aiesteam.org,Academy for Innovation in Education,,Academy for Innovation in Education | AIE STEAM
beckynadesan.com,Becky Nadesan,,Becky Nadesan
coricarl.com,Cori Carl,,Cori Carl
fivestaracsd.com,Five Star Heating and Air Conditioning,,Five Star Heating and Air Conditioning | Five Star Heating
returndeals.net,Returns Deals Inc. | Wholesalers liquidator | Sell Your Inventory,Return Deals Inc.,Return Deals Inc. | Return Deals | Returns Deals Inc. | Wholesalers liquidator | Sell Your Inventory | Return Deals at Return Deals | Returns Deals Inc.
banconex.com,Banconex,,Banconex
energy-health-oriental-massage.business.site,Energy Health Oriental Massage,,Energy Health Oriental Massage
jerkkingsnj.com,Jerk Kings Smoke & BBQ,,Jerk Kings Smoke & BBQ
kingfisherseo.com,Kingfisher SEO,,Kingfisher SEO
hoodriverclothing.com,Hood River Clothing,Hood River Clothing Company,Hood River Clothing | Hood River Clothing Company | Hood River Clothing Co.
satyasilence.com,Satya Silence,,Satya Silence
slushpoolglobal.com,Slushpool global,,Slushpool global
trbism.com,Trbism,,Trbism
informatichiamoci.it,Informatichiamoci,,Informatichiamoci
mghomeremodelling.info,M&G Home Remodeling,,M&G Home Remodeling
mysavagenails.love,My Savage Nails,,My Savage Nails
smallislandent.com,Small Island Services,,Small Island Services
winecheeseandfivemoreminutes.com,Wine Cheese and Five more Minutes,,Wine Cheese and Five more Minutes | Wine Cheese
frenchlakeautoparts.com,French Lake Auto Parts Inc.,French Lake Auto Parts Inc.,French Lake Auto Parts Inc. | French Lake Auto Parts
imageworksdirect.com,Image Works,Image Works Ltd.,Image Works | Image.works financial | Image Works Ltd. | Image.works Inc.
matthaynes.uk,Matt Haynes,,Matt Haynes
montcapitalpartners.com,Mont Capital Partners,Mont Capital Partners LLC.,Mont Capital Partners | Mont Capital Partners LLC.
valleymedicalinstitute.com,Valley Medical Institute,Valley Medical Institute,Valley Medical Institute | Valley Medical
downeygroupllc.com,Downey Group LLC.,Downey Group LLC.,Downey Group LLC. | The Downey Group | All Division Commercial Products LLC.
ravenshire-llc.com,Ravenshire LLC.,Ravenshire LLC.,Ravenshire LLC.
academyofamazement.com,Academy Of Amazement,Academy of Amazement LLC.,Academy Of Amazement | Academy of Amazement LLC.
amlimdrmarina.com,AMLI Marina Del Rey,,AMLI Marina Del Rey
focusmedicalbillingservices.com,Focus Medical Billing Services,Focus Medical Billing Svc. Llc,Focus Medical Billing Services | Focus Medical Billing Svc. Llc
hueboost.com,Hue Boost,Hue Boost LLC.,Hue Boost | Hue Boost LLC.
sgdesignshouston.com,SG Designs Houston,,SG Designs Houston
108production.com,108 PRODUCTION,ANM Global Inc.,108 PRODUCTION | ANM Global Inc.
creativehealthplans.com,Creative Health Plans,,Creative Health Plans
fitcivic.com,Fit Civic,,Fit Civic
penchiroclinic.com,Peninsula Chiropractic,,Peninsula Chiropractic | Peninsula Chiropractic Clinic
rmiflooring.com,RM Interiors,RM Interiors LLC.,RM Interiors | RM Interiors LLC. | RM Interiors & Design
smv-inc.com,SMV Consulting Sevices,Smv Consulting Inc.,SMV Consulting Sevices | Smv Consulting Inc.
stevensfamilyfarm.webs.com,Stevens Family Farm,,Stevens Family Farm
arbca.com,Association of Reformed Baptist Churches of America,Arbca Inc.,Association of Reformed Baptist Churches of America | ARBCA | Arbca Inc.
divinemomentsdaycare.com,Divine Miniature Moments,,Divine Miniature Moments | Divine Miniature Mom
ncca-inc.com,Cloggers Association Inc.,Cloggers Association Inc.,Cloggers Association Inc. | Northern California Cloggers Association Inc. | California Cloggers Association Inc.
thebentleyparkcommunityassociation.org,Bentley Park Community Association,Bentley Park Community Association,Bentley Park Community Association
whaleygfx.com,WHALEY GFX,WHALEY GFX LLC.,WHALEY GFX | WHALEY GFX LLC.
ccspatherapies.com,CC Spa Therapies,,CC Spa Therapies
fine-art-construction.business.site,Fine art construction,,Fine art construction
lesliehaywood-moore.online,Leslie Haywood-Moore,Moore Real Estate Co.,Leslie Haywood-Moore | Moore Real Estate Co.
mrdurant.weebly.com,Mr. Durant Science,,Mr. Durant Science | Mr. Durant
neptune-society.com,Neptune Society of Northern California,Neptune Society,Neptune Society of Northern California | Neptune Society | Neptune Society of Northern California Neptune Society | Neptune Society Inc.
beehivebargains.com,Beehive Bargains,,Beehive Bargains
cheftea.com,Chef Tea,,Chef Tea
gabeyandell.com,Gabe Yandell,Gabe Yandell Pllc,Gabe Yandell | Gabe Yandell LMFT | Gabe Yandell Pllc
hericonstructionllc.com,Heri Construction,,Heri Construction
oddwomannailsandmore.com,Oddwoman Nails and more,,Oddwoman Nails and more | Oddwoman nails
northwest-georgia-regional-commission.business.site,Northwest Georgia Regional Commission,,Northwest Georgia Regional Commission
thej3group.com,The J3 Group,The J3 Group Inc.,The J3 Group | J3 Group | The J3 Group Inc. | J3 Group Inc.
hotlink2019.com,HOTLINK2019,,HOTLINK2019
brian-hollenbeck.com,Brian Robert Hollenbeck,,Brian Robert Hollenbeck | Brian hollenbeck | Video Update Inc.
internationalmediasupply.com,International Media Supply,International Media Supply LLC.,International Media Supply | International Media Supply LLC.
jackjewelryinc.com,Jack Jewelry,,Jack Jewelry
pacificelectric.biz,Pacific Electric Inc.,Pacific Electric Inc.,Pacific Electric Inc. | Pacific Electric | Electrical Testing & Maintenance Service Inc.
skylinevisioncare.com,Skyline Vision Care,Walz-Tarkowski O.D.,Skyline Vision Care | Walz-Tarkowski O.D.
timhalberg.com,Tim Halberg,,Tim Halberg | Yosemite Wedding Photographer Tim Halberg | Tim Halberg Timhalberg
maido-shimizuya.com,Programming Skill Professional Services,,Programming Skill Professional Services
ancientcityappraisals.com,Ancient City Appraisals,Ancient City Appraisals Inc.,Ancient City Appraisals | Ancient City Appraisals Inc.
bzzster.com,Shareaholic,,Shareaholic
caring-hands-seniorsolutionsgroupinc.business.site,Caring Hands,,Caring Hands
cdl-express.com,CDL Express Truck Rental,,CDL Express Truck Rental | CDL Express Truck | CDL Express | Cdlexpressmn
hearthstoneproperty.com,Hearthstone LIVE Property,,Hearthstone LIVE Property | Hearthstone Property Services | Hearthstone Property | Hearthstone
kourco.com,KourCo,Kourco Environmental Services Inc.,KourCo | Kourco Environmental Services Inc.
ortsac.com,Ortsac Capital Group,,Ortsac Capital Group | Ortsac Capital
pioneerpropertydevelopment.com,Pioneer Property Development,Pioneer Property Development LLC.,Pioneer Property Development | Pioneer Property Development LLC.
toptok.info,TopTok,,TopTok
batesdds.com,Bates DDS,,Bates DDS | BatesDDS - Ryan Bates DDS
peakdds.com,Peak Dental,,Peak Dental
stickerdreams.com,Sticker Dreams,STICKERDREAMS LLC.,Sticker Dreams | STICKERDREAMS LLC.
webranium.co.uk,Webranium,,Webranium
wwnboa.org,Winged Warriors Natl. B-Body,,Winged Warriors Natl. B-Body | NASCAR Street Classics Ltd.
americanguardrailsupply.com,American Guardrail Supply,,American Guardrail Supply | American GuardRail Supply American Guard Rail Supply | American GuardRail
dablawoffice.com,Dombrowski Aveni & Bunnell,,Dombrowski Aveni & Bunnell | Office of Dombrowski Aveni & Bunnell
fedorovfilms.com,Fedorov Films,,Fedorov Films
charleygasparlandscapingllc.com,Charley Gaspar Landscaping LLC.,Charley Gaspar Landscaping LLC.,Charley Gaspar Landscaping LLC. | Charley Gaspar Landscaping
masterguyscardetail.com,Masterguyscardetail,,Masterguyscardetail | Master guys
post32nc.org,HAIR & MATTHEWS POST 32,Duncan Harling SAL.,HAIR & MATTHEWS POST 32 | Post 32 | Duncan Harling SAL.
coloradolivingblog.com,Colorado Living,Windermere Services Company,Colorado Living | Colorado Living blog | Windermere Local | Windermere Services Company
concordncwildliferemoval.com,Concord NC Wildlife Removal,,Concord NC Wildlife Removal | Concord Wildlife Removal
ihostnewyork.com,IHOST Newyork,,IHOST Newyork | FULL CIRCLE INC.
jmbusinesspartners.com,JM Business Partners,JM Business Partners LLC.,JM Business Partners | JM Business Partners LLC.
sapphiresleepovers.squarespace.com,SapphireSleepovers Philipsburg Montana,SapphireSleepovers LLC.,SapphireSleepovers Philipsburg Montana | SapphireSleepovers | SapphireSleepovers LLC.
yokohamayakitorikoubou.com,Yokohama Yakitori Koubou,,Yokohama Yakitori Koubou
briggsmobiledetailing.com,Briggs Mobile Detailing,,Briggs Mobile Detailing
kairios.com,Kairios,Kairios Co.,Kairios | Kairios Co.
lemongrassmichigan.com,Lemon Grass Thai Restaurant,,Lemon Grass Thai Restaurant
pawsinmotionla.com,Paws in Motion - Professional Dog Runners,Paws in Motion Inc.,Paws in Motion - Professional Dog Runners | Paws in Motion Inc. | Paws in Motion
uniqueservices.us,Unique Services and Bounce palace,,Unique Services and Bounce palace | Unique Services
curtistaylorart.com,Curtis Taylor,,Curtis Taylor | Curtis Taylor | Guitarist
directtransportsys.com,Direct Transport Systems Inc.,Direct Transport Systems Inc.,Direct Transport Systems Inc. | Direct Transport Systems | Direct Transport
finishingtouch.contractors,Finishing Touch,,Finishing Touch
independenthotelmarketinggroup.com,Independent Hotel Marketing,,Independent Hotel Marketing | INDEPENDENT HOTEL MARKETING GROUP
sandiegorealestatejobs.net,ZipRealty,,ZipRealty
belanshion.com,Belanshion,,Belanshion
healthtrustpg.com,HealthTrust Product and Technology,Health Trust,Healthtrustpg | HealthTrust Supply Chain | HealthTrust Product and Technology | HealthTrust Product & Technology | HealthTrust Performance Group | Health Trust | HealthTrust's
hillcreststoragetn.com,Hillcrest Storage,,Hillcrest Storage
lloydfeinberg.com,Lloyd Feinberg,,Lloyd Feinberg
tiffin24.com,TIFFIN 24,,TIFFIN 24
advancedbiblicalstudies.net,Advanced Biblical Studies,Light Ministries International Inc.,Advanced Biblical Studies | Light Ministries International Inc.
aesgoldmine.com,Advanced Exploration Solutions,,Advanced Exploration Solutions
alldolledupspabus.com,All Dolled Up Spa Bus LLC.,All Dolled Up Spa Bus LLC.,All Dolled Up Spa Bus LLC.
amairportparking.com,AM Airport Parking,,AM Airport Parking
cstyled.com,CStyled,,CStyled
intlselfstorage.com,International Self Storage,,International Self Storage
marinavillageharbor.com,Marina Village Yacht Harbor,,Marina Village Yacht Harbor
nynjelevator.com,NY NJ Elevator Corp.,NY NJ Elevator Corp.,NY NJ Elevator Corp. | Nynjelevator | NY NJ Elevator Co. | NJ Elevator Corp.
gamepcfull.com,Game PC Full,,Game PC Full | Game PC.
impaxinc.com,IMPAX INC.,IMPAX INC.,IMPAX INC. | Impax Corp.
nachonomics.com,Nachonomics,,Nachonomics
romangalloway.com,Roman Galloway,,Roman Galloway
safetychain.com,SafetyChain Software,SafetyChain Software Inc.,SafetyChain Software | Safety Chain | SafetyChain Software Inc.
flatpondpublishing.com,Flat Pond Publishing,,Flat Pond Publishing
fsb-int.com,Future Semiconductor Business,,Future Semiconductor Business | Future Semiconductor
hallmemphis.org,Minglewood Hall Tickets,,Minglewood Hall Tickets
howellci.com,Howell CI,,Howell CI | Howell Consulting & Investigation
kalamazoomijobs.com,Kalamazoo QR,,Kalamazoo QR
lammrubenstone.com,Lamm Rubenstone,LAMM RUBENSTONE LLC.,Lamm Rubenstone | LAMM RUBENSTONE LLC.
mygentxt.org,MyGenTxt,,MyGenTxt
mingchienliang.com,Ming-Chien Liang,,Ming-Chien Liang | Ming-Chien
mlfcare.org,Morning Light Foundation,,Morning Light Foundation | Morninglight
mq3labs.com,MQ3 Labs,Advisor Blackboat GmbH,MQ3 Labs | Advisor Blackboat GmbH
nymphyacht.com,Nymph Yacht,,Nymph Yacht
oneononesc.com,One On One Fitness,One on One Fitness LLC.,One On One Fitness | One on One Fitness LLC.
pattikavanagh.massagetherapy.com,Patti Kavanagh,,Patti Kavanagh
pearlandcounseling.com,Life 360 Solutions,,Life 360 Solutions
simplythaidining.com,Simply Thai Restaurant,,Simply Thai Restaurant
alphaquorumstore.com,Alpha Quorum,Evolved Worldwide LLC.,Alpha Quorum | Evolved Worldwide LLC.
baxland.com,Baxland,,Baxland | Baxland Land Investing
befeni-usa.com,Befeni USA,Smith79 Inc.,Befeni USA | Smith79 Inc.
chugiak.org,Chugiak-Eagle River Senior Center,Chugiak Senior Citizens Inc.,Chugiak-Eagle River Senior Center | Chugiak Senior Citiz | Chugiak Senior Citizens Inc. | Chugiak Senior Housing Inc.
hangtownkc.org,Hangtown Kennel Club,,Hangtown Kennel Club
myrtlebeach.city,Myrtle Beach City,,Myrtle Beach City | Myrtle Beach
wordofgodokc.com,Word of God Church OKC,,Word of God Church OKC | Word of God Church | The Word of God Church
bigdiamondpools.com,Big Diamond Pools,,Big Diamond Pools
brynbachman.com,Bryn Bachman,,Bryn Bachman | Bryn Bachman Design
bytheseat.com,Imperium Jets,,Imperium Jets | TukiJets
gentleconfections.com,Gentle Confections,,Gentle Confections
hairdesigners-hairsalon.business.site,Hair Designers Hair Salon,,Hair Designers Hair Salon | Hair Designers
poocheshouseboutique.com,Pooches’ House,,Pooches’ House | Pooches' House Boutique
thermproutah.com,Therm Pro,,Therm Pro | Utica Boilers Inc.
yttangsoodo.com,Y. T. Tang Soo Do,T. Tang Soo Do LLC.,Y. T. Tang Soo Do | Y. T. Tang Soo | T. Tang Soo Do LLC. | Y. T. Tang Soo Do LLC.
barbaranichols.org,Barbara Nichols M.A.,,Barbara Nichols M.A. | Barbara Nichols
big-dog-boarding.business.site,Big Dog Boarding,,Big Dog Boarding
kiddnap.com,Kidnap,,Kidnap
kiplearningandactivitycenter.com,KIP Learning and Activity Center,,KIP Learning and Activity Center | KIP Learning and Act
thecheapghostwriter.com,THE CHEAP GHOSTWRITER,,THE CHEAP GHOSTWRITER | Cheap Ghostwriter
blacknewengland.org,Black Heritage Trail of New Hampshire,,Black Heritage Trail of New Hampshire
drfconaway.com,Dr. Frank Conaway DDS,,Dr. Frank Conaway DDS | Frank Conaway
flash-wingo.com,Flash Wingo Comics,,Flash Wingo Comics | Flash Wingo
getrazuzz.com,Get Razuzz,,Get Razuzz
oneforallartists.com,One For All,,One For All | One for All Artists
sanctuaryfarmphila.org,Sanctuary Farm Phila,,Sanctuary Farm Phila | Sanctuary Farm Philadelphia | Sanctuary Farm
crabhouse39.com,Crab House at Pier 39,,Crab House at Pier 39 | Crab House | Simco Group LLC.
latinoyouthoutreach.org,Latino Youth Outreach,,Latino Youth Outreach
reignvolleyball.com,Reign Volleyball,,Reign Volleyball
wibidata.com,WibiData,,WibiData | WibidataOfficial
diecutstickers.com,Die Cut Stickers,Medford Technologies Inc.,Die Cut Stickers | Medford Technologies Inc.
mbcollegeguidance.com,Mbcollegeguidance,,Mbcollegeguidance
thecollectiveeffect.org,THE COLLECTIVE EFFECT,,THE COLLECTIVE EFFECT | COLLECTIVE EFFECT
dentaltalentnow.com,Dental Talent Now,Dental Talent Now LLC.,Dental Talent Now | Dental Talent Now LLC. | Elite Sourcer LLC. | Armatic Inc.
edgeinsurance.biz,Edge Insurance,,Edge Insurance | Edge Insurance Brokers
awlsnap.com,Awl Snap Leather Goods,Awl Snap LLC.,Awl Snap Leather Goods | Awl Snap | Awl Snap LLC.
bgkinvestments.com,BGK Investments,,BGK Investments
haciendailusionpr.com,Hacienda Ilusion,,Hacienda Ilusion | Hacienda Ilusión | Haciendailusionpr
hawaii432.com,Lae Nani 432,,Lae Nani 432 | Enchanting Lae Nani Condo
usconstructgroup.com,US Construct Group,US Construction Group Inc.,US Construct Group | US Construction Group Inc. | US Construction Group
wheeinc.com,Whee Inc.,Whee Inc.,Whee Inc. | Woodruff & Howe Environmental Engineering Inc.
dafacargo.com,DAFA CARGO,DAFA CARGO LLC.,DAFA CARGO | DAFA CARGO LLC. | DAFA LOGISTICS LLC.
mahoganyvacations.com,MAHOGANY VACATIONS,,MAHOGANY VACATIONS
stangerfabllc.com,Stanger Fab LLC.,Stanger Fab LLC.,Stanger Fab LLC. | Stanger Fab
troychurch.net,Troy Church,,Troy Church | TroyChurchofC
anthonymarlowe.com,Anthony Marlowe,,Anthony Marlowe
avonnylocksmith.com,Avon New York Locksmith,,Avon New York Locksmith
exaintelligence.com,EXA Intelligence,,EXA Intelligence
mannexcavating.com,Mann Excavating,Mann Excavating Inc.,Mann Excavating | Mann Excavating Inc.
miqrotech.com,mIQrotech,,mIQrotech
morrisholmes.com,Morris Holmes & Co.,Morris Holmes & Co.,Morris Holmes & Co. | Morris Holmes & Co. Inc.
rfacapitalcorp.com,RFA Capital,RFA Capital Corp.,RFA Capital | RFA Capital Corp.
ameecleaning.com,Amee Cleaning,,Amee Cleaning | Amee Cleaning Janitorial Services
cindywalker.com,Cindy Walker,,Cindy Walker
fivestarpoollinerswilliamstown.com,Five Star Pool Liners,,Five Star Pool Liners | Five Star Pool Liners Williamstown
sustainableracine.org,BRP SC Johnson and Butter Buds Inc.,BRP SC Johnson and Butter Buds Inc.,BRP SC Johnson and Butter Buds Inc. | RSBN
clearmirrorhealing.wordpress.com,Clear Mirror Healing,,Clear Mirror Healing | Clear Mirror Healing - Home
d-l-roofing-and-construction-llc.business.site,D & L Roofing and Construction LLC.,D & L Roofing and Construction LLC.,D & L Roofing and Construction LLC. | D & L Roofing and Construction
lealvideoproductions.com,Leal Video Productions,,Leal Video Productions
rubpage.com,Body rub by Massage 213,,Body rub by Massage 213 | Bodyrub
sagacitystays.com,Sagacity Stays,Ssgacity Stays LLC.,Sagacity Stays | Ssgacity Stays LLC.
valezio.com,Valezio,,Valezio